<!--DELETEDOCUMENT-->
<!--ADDBLOCK: START-->
<?xml version="1.0" encoding="us-ascii"?> 
<XML ID="EQInterfaceDefinitionLanguage"> 
	<Schema xmlns="EverQuestData" xmlns:dt="EverQuestDataTypes" />
	<Button item="SDBW_Buff0_Button">
		<ScreenID>Buff0</ScreenID>
		<AutoStretchHorizontal>true</AutoStretchHorizontal>
		<RightAnchorToLeft>false</RightAnchorToLeft>
		<Size>
			<CY>18</CY>
		</Size>
		<DecalSize>
			<CX>18</CX>
			<CY>18</CY>
		</DecalSize>
	</Button>
	<Button item="SDBW_Buff1_Button">
		<ScreenID>Buff1</ScreenID>
		<DecalSize>
			<CX>18</CX>
			<CY>18</CY>
		</DecalSize>
	</Button>
	<Button item="SDBW_Buff2_Button">
		<ScreenID>Buff2</ScreenID>
		<DecalSize>
			<CX>18</CX>
			<CY>18</CY>
		</DecalSize>
	</Button>
	<Button item="SDBW_Buff3_Button">
		<ScreenID>Buff3</ScreenID>
		<DecalSize>
			<CX>18</CX>
			<CY>18</CY>
		</DecalSize>
	</Button>
	<Button item="SDBW_Buff4_Button">
		<ScreenID>Buff4</ScreenID>
		<DecalSize>
			<CX>18</CX>
			<CY>18</CY>
		</DecalSize>
	</Button>
	<Button item="SDBW_Buff5_Button">
		<ScreenID>Buff5</ScreenID>
		<DecalSize>
			<CX>18</CX>
			<CY>18</CY>
		</DecalSize>
	</Button>
	<Button item="SDBW_Buff6_Button">
		<ScreenID>Buff6</ScreenID>
		<DecalSize>
			<CX>18</CX>
			<CY>18</CY>
		</DecalSize>
	</Button>
	<Button item="SDBW_Buff7_Button">
		<ScreenID>Buff7</ScreenID>
		<DecalSize>
			<CX>18</CX>
			<CY>18</CY>
		</DecalSize>
	</Button>
	<Button item="SDBW_Buff8_Button">
		<ScreenID>Buff8</ScreenID>
		<DecalSize>
			<CX>18</CX>
			<CY>18</CY>
		</DecalSize>
	</Button>
	<Button item="SDBW_Buff9_Button">
		<ScreenID>Buff9</ScreenID>
		<DecalSize>
			<CX>18</CX>
			<CY>18</CY>
		</DecalSize>
	</Button>
	<Button item="SDBW_Buff10_Button">
		<ScreenID>Buff10</ScreenID>
		<DecalSize>
			<CX>18</CX>
			<CY>18</CY>
		</DecalSize>
	</Button>
	<Button item="SDBW_Buff11_Button">
		<ScreenID>Buff11</ScreenID>
		<DecalSize>
			<CX>18</CX>
			<CY>18</CY>
		</DecalSize>
	</Button>
	<Button item="SDBW_Buff12_Button">
		<ScreenID>Buff12</ScreenID>
		<DecalSize>
			<CX>18</CX>
			<CY>18</CY>
		</DecalSize>
	</Button>
	<Button item="SDBW_Buff13_Button">
		<ScreenID>Buff13</ScreenID>
		<DecalSize>
			<CX>18</CX>
			<CY>18</CY>
		</DecalSize>
	</Button>
	<Button item="SDBW_Buff14_Button">
		<ScreenID>Buff14</ScreenID>
		<DecalSize>
			<CX>18</CX>
			<CY>18</CY>
		</DecalSize>
	</Button>
	<Button item="SDBW_Buff15_Button">
		<ScreenID>Buff15</ScreenID>
		<DecalSize>
			<CX>18</CX>
			<CY>18</CY>
		</DecalSize>
	</Button>
	<Button item="SDBW_Buff16_Button">
		<ScreenID>Buff16</ScreenID>
		<DecalSize>
			<CX>18</CX>
			<CY>18</CY>
		</DecalSize>
	</Button>
	<Button item="SDBW_Buff17_Button">
		<ScreenID>Buff17</ScreenID>
		<DecalSize>
			<CX>18</CX>
			<CY>18</CY>
		</DecalSize>
	</Button>
	<Button item="SDBW_Buff18_Button">
		<ScreenID>Buff18</ScreenID>
		<DecalSize>
			<CX>18</CX>
			<CY>18</CY>
		</DecalSize>
	</Button>
	<Button item="SDBW_Buff19_Button">
		<ScreenID>Buff19</ScreenID>
		<DecalSize>
			<CX>18</CX>
			<CY>18</CY>
		</DecalSize>
	</Button>
	<Button item="SDBW_Buff20_Button">
		<ScreenID>Buff20</ScreenID>
		<DecalSize>
			<CX>18</CX>
			<CY>18</CY>
		</DecalSize>
	</Button>
	<Button item="SDBW_Buff21_Button">
		<ScreenID>Buff21</ScreenID>
		<DecalSize>
			<CX>18</CX>
			<CY>18</CY>
		</DecalSize>
	</Button>
	<Button item="SDBW_Buff22_Button">
		<ScreenID>Buff22</ScreenID>
		<DecalSize>
			<CX>18</CX>
			<CY>18</CY>
		</DecalSize>
	</Button>
	<Button item="SDBW_Buff23_Button">
		<ScreenID>Buff23</ScreenID>
		<DecalSize>
			<CX>18</CX>
			<CY>18</CY>
		</DecalSize>
	</Button>
	<Button item="SDBW_Buff24_Button">
		<ScreenID>Buff24</ScreenID>
		<DecalSize>
			<CX>18</CX>
			<CY>18</CY>
		</DecalSize>
	</Button>
	<Button item="SDBW_Buff25_Button">
		<ScreenID>Buff25</ScreenID>
		<DecalSize>
			<CX>18</CX>
			<CY>18</CY>
		</DecalSize>
	</Button>
	<Button item="SDBW_Buff26_Button">
		<ScreenID>Buff26</ScreenID>
		<DecalSize>
			<CX>18</CX>
			<CY>18</CY>
		</DecalSize>
	</Button>
	<Button item="SDBW_Buff27_Button">
		<ScreenID>Buff27</ScreenID>
		<DecalSize>
			<CX>18</CX>
			<CY>18</CY>
		</DecalSize>
	</Button>
	<Button item="SDBW_Buff28_Button">
		<ScreenID>Buff28</ScreenID>
		<DecalSize>
			<CX>18</CX>
			<CY>18</CY>
		</DecalSize>
	</Button>
	<Button item="SDBW_Buff29_Button">
		<ScreenID>Buff29</ScreenID>
		<DecalSize>
			<CX>18</CX>
			<CY>18</CY>
		</DecalSize>
	</Button>
	<Label item="SDBW_Buff0_SpellName">
		<ScreenID>SDBW_Buff0_SpellName</ScreenID>
		<EQType>600</EQType>
		<TextColor>
			<R>255</R>
			<G>255</G>
			<B>255</B>
		</TextColor>
		<Size>
			<CX>976</CX>
			<CY>14</CY>
		</Size>
	</Label>
	<Label item="SDBW_Buff1_SpellName">
		<ScreenID>SDBW_Buff1_SpellName</ScreenID>
		<EQType>601</EQType>
		<TextColor>
			<R>255</R>
			<G>255</G>
			<B>255</B>
		</TextColor>
		<Size>
			<CX>976</CX>
			<CY>14</CY>
		</Size>
	</Label>
	<Label item="SDBW_Buff2_SpellName">
		<ScreenID>SDBW_Buff2_SpellName</ScreenID>
		<EQType>602</EQType>
		<TextColor>
			<R>255</R>
			<G>255</G>
			<B>255</B>
		</TextColor>
		<Size>
			<CX>976</CX>
			<CY>14</CY>
		</Size>
	</Label>
	<Label item="SDBW_Buff3_SpellName">
		<ScreenID>SDBW_Buff3_SpellName</ScreenID>
		<EQType>603</EQType>
		<TextColor>
			<R>255</R>
			<G>255</G>
			<B>255</B>
		</TextColor>
		<Size>
			<CX>976</CX>
			<CY>14</CY>
		</Size>
	</Label>
	<Label item="SDBW_Buff4_SpellName">
		<ScreenID>SDBW_Buff4_SpellName</ScreenID>
		<EQType>604</EQType>
		<TextColor>
			<R>255</R>
			<G>255</G>
			<B>255</B>
		</TextColor>
		<Size>
			<CX>976</CX>
			<CY>14</CY>
		</Size>
	</Label>
	<Label item="SDBW_Buff5_SpellName">
		<ScreenID>SDBW_Buff5_SpellName</ScreenID>
		<EQType>605</EQType>
		<TextColor>
			<R>255</R>
			<G>255</G>
			<B>255</B>
		</TextColor>
		<Size>
			<CX>976</CX>
			<CY>14</CY>
		</Size>
	</Label>
	<Label item="SDBW_Buff6_SpellName">
		<ScreenID>SDBW_Buff6_SpellName</ScreenID>
		<EQType>606</EQType>
		<TextColor>
			<R>255</R>
			<G>255</G>
			<B>255</B>
		</TextColor>
		<Size>
			<CX>976</CX>
			<CY>14</CY>
		</Size>
	</Label>
	<Label item="SDBW_Buff7_SpellName">
		<ScreenID>SDBW_Buff7_SpellName</ScreenID>
		<EQType>607</EQType>
		<TextColor>
			<R>255</R>
			<G>255</G>
			<B>255</B>
		</TextColor>
		<Size>
			<CX>976</CX>
			<CY>14</CY>
		</Size>
	</Label>
	<Label item="SDBW_Buff8_SpellName">
		<ScreenID>SDBW_Buff8_SpellName</ScreenID>
		<EQType>608</EQType>
		<TextColor>
			<R>255</R>
			<G>255</G>
			<B>255</B>
		</TextColor>
		<Size>
			<CX>976</CX>
			<CY>14</CY>
		</Size>
	</Label>
	<Label item="SDBW_Buff9_SpellName">
		<ScreenID>SDBW_Buff9_SpellName</ScreenID>
		<EQType>609</EQType>
		<TextColor>
			<R>255</R>
			<G>255</G>
			<B>255</B>
		</TextColor>
		<Size>
			<CX>976</CX>
			<CY>14</CY>
		</Size>
	</Label>
	<Label item="SDBW_Buff10_SpellName">
		<ScreenID>SDBW_Buff10_SpellName</ScreenID>
		<EQType>610</EQType>
		<TextColor>
			<R>255</R>
			<G>255</G>
			<B>255</B>
		</TextColor>
		<Size>
			<CX>976</CX>
			<CY>14</CY>
		</Size>
	</Label>
	<Label item="SDBW_Buff11_SpellName">
		<ScreenID>SDBW_Buff11_SpellName</ScreenID>
		<EQType>611</EQType>
		<TextColor>
			<R>255</R>
			<G>255</G>
			<B>255</B>
		</TextColor>
		<Size>
			<CX>976</CX>
			<CY>14</CY>
		</Size>
	</Label>
	<Label item="SDBW_Buff12_SpellName">
		<ScreenID>SDBW_Buff12_SpellName</ScreenID>
		<EQType>612</EQType>
		<TextColor>
			<R>255</R>
			<G>255</G>
			<B>255</B>
		</TextColor>
		<Size>
			<CX>976</CX>
			<CY>14</CY>
		</Size>
	</Label>
	<Label item="SDBW_Buff13_SpellName">
		<ScreenID>SDBW_Buff13_SpellName</ScreenID>
		<EQType>613</EQType>
		<TextColor>
			<R>255</R>
			<G>255</G>
			<B>255</B>
		</TextColor>
		<Size>
			<CX>976</CX>
			<CY>14</CY>
		</Size>
	</Label>
	<Label item="SDBW_Buff14_SpellName">
		<ScreenID>SDBW_Buff14_SpellName</ScreenID>
		<EQType>614</EQType>
		<TextColor>
			<R>255</R>
			<G>255</G>
			<B>255</B>
		</TextColor>
		<Size>
			<CX>976</CX>
			<CY>14</CY>
		</Size>
	</Label>
	<Label item="SDBW_Buff15_SpellName">
		<ScreenID>SDBW_Buff15_SpellName</ScreenID>
		<EQType>615</EQType>
		<TextColor>
			<R>255</R>
			<G>255</G>
			<B>255</B>
		</TextColor>
		<Size>
			<CX>976</CX>
			<CY>14</CY>
		</Size>
	</Label>
	<Label item="SDBW_Buff16_SpellName">
		<ScreenID>SDBW_Buff16_SpellName</ScreenID>
		<EQType>616</EQType>
		<TextColor>
			<R>255</R>
			<G>255</G>
			<B>255</B>
		</TextColor>
		<Size>
			<CX>976</CX>
			<CY>14</CY>
		</Size>
	</Label>
	<Label item="SDBW_Buff17_SpellName">
		<ScreenID>SDBW_Buff17_SpellName</ScreenID>
		<EQType>617</EQType>
		<TextColor>
			<R>255</R>
			<G>255</G>
			<B>255</B>
		</TextColor>
		<Size>
			<CX>976</CX>
			<CY>14</CY>
		</Size>
	</Label>
	<Label item="SDBW_Buff18_SpellName">
		<ScreenID>SDBW_Buff18_SpellName</ScreenID>
		<EQType>618</EQType>
		<TextColor>
			<R>255</R>
			<G>255</G>
			<B>255</B>
		</TextColor>
		<Size>
			<CX>976</CX>
			<CY>14</CY>
		</Size>
	</Label>
	<Label item="SDBW_Buff19_SpellName">
		<ScreenID>SDBW_Buff19_SpellName</ScreenID>
		<EQType>619</EQType>
		<TextColor>
			<R>255</R>
			<G>255</G>
			<B>255</B>
		</TextColor>
		<Size>
			<CX>976</CX>
			<CY>14</CY>
		</Size>
	</Label>
	<Label item="SDBW_Buff20_SpellName">
		<ScreenID>SDBW_Buff20_SpellName</ScreenID>
		<EQType>620</EQType>
		<TextColor>
			<R>255</R>
			<G>255</G>
			<B>255</B>
		</TextColor>
		<Size>
			<CX>976</CX>
			<CY>14</CY>
		</Size>
	</Label>
	<Label item="SDBW_Buff21_SpellName">
		<ScreenID>SDBW_Buff21_SpellName</ScreenID>
		<EQType>621</EQType>
		<TextColor>
			<R>255</R>
			<G>255</G>
			<B>255</B>
		</TextColor>
		<Size>
			<CX>976</CX>
			<CY>14</CY>
		</Size>
	</Label>
	<Label item="SDBW_Buff22_SpellName">
		<ScreenID>SDBW_Buff22_SpellName</ScreenID>
		<EQType>622</EQType>
		<TextColor>
			<R>255</R>
			<G>255</G>
			<B>255</B>
		</TextColor>
		<Size>
			<CX>976</CX>
			<CY>14</CY>
		</Size>
	</Label>
	<Label item="SDBW_Buff23_SpellName">
		<ScreenID>SDBW_Buff23_SpellName</ScreenID>
		<EQType>623</EQType>
		<TextColor>
			<R>255</R>
			<G>255</G>
			<B>255</B>
		</TextColor>
		<Size>
			<CX>976</CX>
			<CY>14</CY>
		</Size>
	</Label>
	<Label item="SDBW_Buff24_SpellName">
		<ScreenID>SDBW_Buff24_SpellName</ScreenID>
		<EQType>624</EQType>
		<TextColor>
			<R>255</R>
			<G>255</G>
			<B>255</B>
		</TextColor>
		<Size>
			<CX>976</CX>
			<CY>14</CY>
		</Size>
	</Label>
	<Label item="SDBW_Buff25_SpellName">
		<ScreenID>SDBW_Buff25_SpellName</ScreenID>
		<EQType>625</EQType>
		<TextColor>
			<R>255</R>
			<G>255</G>
			<B>255</B>
		</TextColor>
		<Size>
			<CX>976</CX>
			<CY>14</CY>
		</Size>
	</Label>
	<Label item="SDBW_Buff26_SpellName">
		<ScreenID>SDBW_Buff26_SpellName</ScreenID>
		<EQType>626</EQType>
		<TextColor>
			<R>255</R>
			<G>255</G>
			<B>255</B>
		</TextColor>
		<Size>
			<CX>976</CX>
			<CY>14</CY>
		</Size>
	</Label>
	<Label item="SDBW_Buff27_SpellName">
		<ScreenID>SDBW_Buff27_SpellName</ScreenID>
		<EQType>627</EQType>
		<TextColor>
			<R>255</R>
			<G>255</G>
			<B>255</B>
		</TextColor>
		<Size>
			<CX>976</CX>
			<CY>14</CY>
		</Size>
	</Label>
	<Label item="SDBW_Buff28_SpellName">
		<ScreenID>SDBW_Buff28_SpellName</ScreenID>
		<EQType>628</EQType>
		<TextColor>
			<R>255</R>
			<G>255</G>
			<B>255</B>
		</TextColor>
		<Size>
			<CX>976</CX>
			<CY>14</CY>
		</Size>
	</Label>
	<Label item="SDBW_Buff29_SpellName">
		<ScreenID>SDBW_Buff29_SpellName</ScreenID>
		<EQType>629</EQType>
		<TextColor>
			<R>255</R>
			<G>255</G>
			<B>255</B>
		</TextColor>
		<Size>
			<CX>976</CX>
			<CY>14</CY>
		</Size>
	</Label>
	<TileLayoutBox item="SDBW_Buttons">
		<FirstPieceTemplate>true</FirstPieceTemplate>
		<AutoStretch>true</AutoStretch>
		<RightAnchorToLeft>false</RightAnchorToLeft>
		<BottomAnchorToTop>false</BottomAnchorToTop>
		<RightAnchorOffset>2</RightAnchorOffset>
		<SecondarySpacing>1</SecondarySpacing>
		<Pieces>SDBW_Buff0_Button</Pieces>
		<Pieces>SDBW_Buff1_Button</Pieces>
		<Pieces>SDBW_Buff2_Button</Pieces>
		<Pieces>SDBW_Buff3_Button</Pieces>
		<Pieces>SDBW_Buff4_Button</Pieces>
		<Pieces>SDBW_Buff5_Button</Pieces>
		<Pieces>SDBW_Buff6_Button</Pieces>
		<Pieces>SDBW_Buff7_Button</Pieces>
		<Pieces>SDBW_Buff8_Button</Pieces>
		<Pieces>SDBW_Buff9_Button</Pieces>
		<Pieces>SDBW_Buff10_Button</Pieces>
		<Pieces>SDBW_Buff11_Button</Pieces>
		<Pieces>SDBW_Buff12_Button</Pieces>
		<Pieces>SDBW_Buff13_Button</Pieces>
		<Pieces>SDBW_Buff14_Button</Pieces>
		<Pieces>SDBW_Buff15_Button</Pieces>
		<Pieces>SDBW_Buff16_Button</Pieces>
		<Pieces>SDBW_Buff17_Button</Pieces>
		<Pieces>SDBW_Buff18_Button</Pieces>
		<Pieces>SDBW_Buff19_Button</Pieces>
		<Pieces>SDBW_Buff20_Button</Pieces>
		<Pieces>SDBW_Buff21_Button</Pieces>
		<Pieces>SDBW_Buff22_Button</Pieces>
		<Pieces>SDBW_Buff23_Button</Pieces>
		<Pieces>SDBW_Buff24_Button</Pieces>
		<Pieces>SDBW_Buff25_Button</Pieces>
		<Pieces>SDBW_Buff26_Button</Pieces>
		<Pieces>SDBW_Buff27_Button</Pieces>
		<Pieces>SDBW_Buff28_Button</Pieces>
		<Pieces>SDBW_Buff29_Button</Pieces>
	</TileLayoutBox>
	<TileLayoutBox item="SDBW_SpellNames">
		<AutoStretch>true</AutoStretch>
		<RightAnchorToLeft>false</RightAnchorToLeft>
		<BottomAnchorToTop>false</BottomAnchorToTop>
		<LeftAnchorOffset>20</LeftAnchorOffset>
		<TopAnchorOffset>5</TopAnchorOffset>
		<Pieces>SDBW_Buff0_SpellName</Pieces>
		<Pieces>SDBW_Buff1_SpellName</Pieces>
		<Pieces>SDBW_Buff2_SpellName</Pieces>
		<Pieces>SDBW_Buff3_SpellName</Pieces>
		<Pieces>SDBW_Buff4_SpellName</Pieces>
		<Pieces>SDBW_Buff5_SpellName</Pieces>
		<Pieces>SDBW_Buff6_SpellName</Pieces>
		<Pieces>SDBW_Buff7_SpellName</Pieces>
		<Pieces>SDBW_Buff8_SpellName</Pieces>
		<Pieces>SDBW_Buff9_SpellName</Pieces>
		<Pieces>SDBW_Buff10_SpellName</Pieces>
		<Pieces>SDBW_Buff11_SpellName</Pieces>
		<Pieces>SDBW_Buff12_SpellName</Pieces>
		<Pieces>SDBW_Buff13_SpellName</Pieces>
		<Pieces>SDBW_Buff14_SpellName</Pieces>
		<Pieces>SDBW_Buff15_SpellName</Pieces>
		<Pieces>SDBW_Buff16_SpellName</Pieces>
		<Pieces>SDBW_Buff17_SpellName</Pieces>
		<Pieces>SDBW_Buff18_SpellName</Pieces>
		<Pieces>SDBW_Buff19_SpellName</Pieces>
		<Pieces>SDBW_Buff20_SpellName</Pieces>
		<Pieces>SDBW_Buff21_SpellName</Pieces>
		<Pieces>SDBW_Buff22_SpellName</Pieces>
		<Pieces>SDBW_Buff23_SpellName</Pieces>
		<Pieces>SDBW_Buff24_SpellName</Pieces>
		<Pieces>SDBW_Buff25_SpellName</Pieces>
		<Pieces>SDBW_Buff26_SpellName</Pieces>
		<Pieces>SDBW_Buff27_SpellName</Pieces>
		<Pieces>SDBW_Buff28_SpellName</Pieces>
		<Pieces>SDBW_Buff29_SpellName</Pieces>
	</TileLayoutBox>
	<Screen item="ShortDurationBuffWindow">
		<RelativePosition>true</RelativePosition>
		<Location>
			<X>0</X>
			<Y>0</Y>
		</Location>
		<Size>
			<CX>280</CX>
			<CY>284</CY>
		</Size>
		<MinHSize>23</MinHSize>
		<MinVSize>20</MinVSize>
		<MaxHSize>1918</MaxHSize>
		<MaxVSize>569</MaxVSize>
		<Style_VScroll>false</Style_VScroll>
		<Style_Transparent>false</Style_Transparent>
		<Style_Titlebar>false</Style_Titlebar>
		<Style_Closebox>false</Style_Closebox>
		<Style_Minimizebox>false</Style_Minimizebox>
		<Style_Border>true</Style_Border>
		<Style_Sizable>true</Style_Sizable>
		<Style_ClientMovable>true</Style_ClientMovable>
		<Escapable>false</Escapable>
		<DrawTemplate>WDT_InnerGray</DrawTemplate>
		<Pieces>TileLayoutBox:SDBW_Buttons</Pieces>
		<Pieces>TileLayoutBox:SDBW_SpellNames</Pieces>
	</Screen>
</XML>
<!--ADDBLOCK: END-->
