<?xml version="1.0" encoding="us-ascii"?>
<XML ID="EQInterfaceDefinitionLanguage">
	<Schema xmlns="EverQuestData" xmlns:dt="EverQuestDataTypes" />
	<Gauge item="Casting_Gauge">
<!--MODIFY-->	<ScreenID>Casting_Gauge</ScreenID>
		<!--<Font>3</Font> -->
		<RelativePosition>true</RelativePosition>
		<Location>
<!--MODIFY-->		<X>0</X>
<!--MODIFY-->		<Y>0</Y>
		</Location>
		<Size>
<!--MODIFY-->		<CX>166</CX>
<!--MODIFY-->		<CY>16</CY>
		</Size>
		<GaugeOffsetY>0</GaugeOffsetY>
		<Style_VScroll>false</Style_VScroll>
		<Style_HScroll>false</Style_HScroll>
		<Style_Transparent>false</Style_Transparent>
		<!--<TooltipReference/>-->
		<FillTint>
			<R>240</R>
			<G>0</G>
			<B>240</B>
		</FillTint>
		<LinesFillTint>
			<R>0</R>
			<G>0</G>
			<B>0</B>
		</LinesFillTint>
		<DrawLinesFill>false</DrawLinesFill>
		<EQType>7</EQType>
		<GaugeDrawTemplate>
			<Background>A_GaugeBackground</Background>
			<Fill>A_GaugeFill</Fill>
			<Lines>A_GaugeLines</Lines>
			<LinesFill>A_GaugeLinesFill</LinesFill>
			<EndCapLeft>A_GaugeEndCapLeft</EndCapLeft>
			<EndCapRight>A_GaugeEndCapRight</EndCapRight>
		</GaugeDrawTemplate>
	</Gauge>
	<Label item="Casting_SpellName">
<!--MODIFY-->	<ScreenID>Casting_SpellName</ScreenID>
		<EQType>134</EQType>
		<Font>2</Font>
		<RelativePosition>true</RelativePosition>
		<AutoStretch>true</AutoStretch>
<!--MODIFY-->	<LeftAnchorOffset>5</LeftAnchorOffset>
<!--MODIFY-->	<TopAnchorOffset>0</TopAnchorOffset>
<!--MODIFY-->	<RightAnchorOffset>5</RightAnchorOffset>
<!--MODIFY-->	<BottomAnchorOffset>1</BottomAnchorOffset>
		<TopAnchorToTop>true</TopAnchorToTop>
<!--MODIFY-->	<BottomAnchorToTop>false</BottomAnchorToTop>
		<LeftAnchorToLeft>true</LeftAnchorToLeft>
		<RightAnchorToLeft>false</RightAnchorToLeft>
		<Text />
		<NoWrap>true</NoWrap>
		<AlignCenter>true</AlignCenter>
		<AlignRight>false</AlignRight>
	</Label>
	<Screen item="CastingWindow">
		<!--<ScreenID/>-->
		<!--<Font/>-->
		<RelativePosition>false</RelativePosition>
		<Location>
			<X>290</X>
			<Y>50</Y>
		</Location>
		<Size>
<!--MODIFY-->		<CX>168</CX>
<!--MODIFY-->		<CY>18</CY>
		</Size>
		<Text>Casting Time</Text>
		<Style_VScroll>false</Style_VScroll>
		<Style_HScroll>false</Style_HScroll>
		<Style_Transparent>false</Style_Transparent>
		<TooltipReference>The Breath Meter</TooltipReference>
		<DrawTemplate>WDT_Filigree</DrawTemplate>
<!--MODIFY-->	<Style_Titlebar>false</Style_Titlebar>
		<Style_Closebox>false</Style_Closebox>
		<Style_Minimizebox>false</Style_Minimizebox>
		<Style_Border>true</Style_Border>
		<Style_Sizable>false</Style_Sizable>
		<Escapable>false</Escapable>
		<Pieces>Casting_Gauge</Pieces>
		<Pieces>Casting_SpellName</Pieces>
	</Screen>
</XML>
