<?xml version="1.0" encoding="us-ascii"?>
<XML ID="EQInterfaceDefinitionLanguage">
	<Schema xmlns="EverQuestData" xmlns:dt="EverQuestDataTypes" />
	<Button item="AAW_BuyAllButton">
		<ScreenID>AAW_BuyAllButton</ScreenID>
		<!--<Font>3</Font>-->
		<RelativePosition>true</RelativePosition>
		<Location>
			<X>570</X>
			<Y>330</Y>
		</Location>
		<Size>
			<CX>50</CX>
			<CY>24</CY>
		</Size>
		<Style_Transparent>false</Style_Transparent>
		<TooltipReference>Purchase multiple ranks of the selected ability</TooltipReference>
		<Style_Checkbox>false</Style_Checkbox>
		<!--<RadioGroup/>-->
		<Text>Buy All</Text>
		<BackgroundTextureTint>
			<R>255</R>
			<G>215</G>
			<B>0</B>
		</BackgroundTextureTint>
		<Template>BDT_Square</Template>
	</Button>
	<Button item="AAW_TrainButton">
		<ScreenID>TrainButton</ScreenID>
		<!--<Font>3</Font>-->
		<RelativePosition>true</RelativePosition>
		<Location>
			<X>570</X>
			<Y>366</Y>
		</Location>
		<Size>
			<CX>50</CX>
			<CY>24</CY>
		</Size>
		<Style_Transparent>false</Style_Transparent>
		<TooltipReference>Purchase the selected ability</TooltipReference>
		<Style_Checkbox>false</Style_Checkbox>
		<!--<RadioGroup/>-->
		<Text>Train</Text>
		<Template>BDT_Square</Template>
	</Button>
	<Button item="AAW_HotButton">
		<ScreenID>HotButton</ScreenID>
		<!--<Font>3</Font>-->
		<RelativePosition>true</RelativePosition>
		<Location>								  
			<X>570</X>
			<Y>402</Y>
		</Location>
		<Size>
			<CX>50</CX>
			<CY>24</CY>
		</Size>
		<Style_Transparent>false</Style_Transparent>
		<TooltipReference>Create a hotkey for the selected ability</TooltipReference>
		<Style_Checkbox>false</Style_Checkbox>
		<!--<RadioGroup/>-->
		<Text>Hotkey</Text>
		<Template>BDT_Square</Template>
	</Button>
	<Label item="AAW_LoadSaveLabel">
		<ScreenID>AAW_LoadSaveLabel</ScreenID>
		<RelativePosition>true</RelativePosition>
		<Location>
			<X>540</X>
			<Y>20</Y>
		</Location>
		<Size>
			<CX>110</CX>
			<CY>14</CY>
		</Size>
		<Text>Monster Abilities</Text>
		<NoWrap>true</NoWrap>
		<AlignCenter>true</AlignCenter>
		<AlignRight>false</AlignRight>
	</Label>
	<Button item="AAW_LoadButton">
		<ScreenID>AAW_LoadButton</ScreenID>
		<!--<Font>3</Font>-->
		<RelativePosition>true</RelativePosition>
		<Location>
			<X>540</X>
			<Y>40</Y>
		</Location>
		<Size>
			<CX>50</CX>
			<CY>24</CY>
		</Size>
		<Style_Transparent>false</Style_Transparent>
		<TooltipReference>Load a set of abilities for this monster character which you have previously saved</TooltipReference>
		<Style_Checkbox>false</Style_Checkbox>
		<!--<RadioGroup/>-->
		<Text>Load</Text>
		<Template>BDT_Square</Template>
	</Button>
	<Button item="AAW_SaveButton">
		<ScreenID>AAW_SaveButton</ScreenID>
		<!--<Font>3</Font>-->
		<RelativePosition>true</RelativePosition>
		<Location>
			<X>600</X>
			<Y>40</Y>
		</Location>
		<Size>
			<CX>50</CX>
			<CY>24</CY>
		</Size>
		<Style_Transparent>false</Style_Transparent>
		<TooltipReference>Save this monster character's current set of abilities so you can load them again later</TooltipReference>
		<Style_Checkbox>false</Style_Checkbox>
		<!--<RadioGroup/>-->
		<Text>Save</Text>
		<Template>BDT_Square</Template>
	</Button>
	<Button item="AAW_DoneButton">
		<ScreenID>DoneButton</ScreenID>
		<!--<Font>3</Font>-->
		<RelativePosition>true</RelativePosition>
		<Location>
			<X>560</X>
			<Y>442</Y>
		</Location>
		<Size>
			<CX>70</CX>
			<CY>24</CY>
		</Size>
		<Style_Transparent>false</Style_Transparent>
		<!--<TooltipReference/>-->
		<Style_Checkbox>false</Style_Checkbox>
		<!--<RadioGroup/>-->
		<Text>Done</Text>
		<Template>BDT_Normal</Template>
	</Button>
	<Button item="AAW_LessExpButton">
		<ScreenID>LessExpButton</ScreenID>
		<!--<Font>3</Font>-->
		<RelativePosition>true</RelativePosition>
		<Location>
			<X>543</X>
			<Y>45</Y>
		</Location>
		<Size>
			<CX>20</CX>
			<CY>20</CY>
		</Size>
		<Style_Transparent>false</Style_Transparent>
		<TooltipReference>Decrease the percentage of your experience which will be converted to AA experience</TooltipReference>
		<Style_Checkbox>false</Style_Checkbox>
		<!--<RadioGroup/>-->
		<Text>-</Text>
		<TextColor>
			<R>255</R>
			<G>255</G>
			<B>0</B>
		</TextColor>
		<Template>BDT_Normal</Template>
	</Button>
	<Button item="AAW_MoreExpButton">
		<ScreenID>MoreExpButton</ScreenID>
		<!--<Font>3</Font>-->
		<RelativePosition>true</RelativePosition>
		<Location>
			<X>625</X>
			<Y>45</Y>
		</Location>
		<Size>
			<CX>20</CX>
			<CY>20</CY>
		</Size>
		<Style_Transparent>false</Style_Transparent>
		<TooltipReference>Increase the percentage of your experience which will be converted to AA experience</TooltipReference>
		<Style_Checkbox>false</Style_Checkbox>
		<!--<RadioGroup/>-->
		<Text>+</Text>
		<TextColor>
			<R>255</R>
			<G>255</G>
			<B>0</B>
		</TextColor>
		<Template>BDT_Normal</Template>
	</Button>
	<Label item="AAW_PercentLabel">
		<ScreenID>PercentLabel</ScreenID>
		<!--<Font>3</Font>-->
		<RelativePosition>true</RelativePosition>
		<Location>
			<X>533</X>
			<Y>30</Y>
		</Location>
		<Size>
			<CX>120</CX>
			<CY>20</CY>
		</Size>
		<Text>Exp to AA</Text>
		<NoWrap>false</NoWrap>
		<AlignCenter>true</AlignCenter>
		<AlignRight>false</AlignRight>
	</Label>
	<Label item="AAW_PercentCount">
		<ScreenID>ExpCount</ScreenID>
		<!--<Font>3</Font>-->
		<RelativePosition>true</RelativePosition>
		<Location>
			<X>569</X>
			<Y>45</Y>
		</Location>
		<Size>
			<CX>60</CX>
			<CY>20</CY>
		</Size>
		<Text>100%</Text>
		<NoWrap>true</NoWrap>
		<AlignCenter>true</AlignCenter>
		<AlignRight>false</AlignRight>
	</Label>
	<Gauge item="AAW_ExpGauge">
		<ScreenID>ExpGauge</ScreenID>
		<!--<Font>3</Font>-->
		<RelativePosition>true</RelativePosition>
		<Location>
			<X>541</X>
			<Y>74</Y>
		</Location>
		<Size>
			<CX>108</CX>
			<CY>30</CY>
		</Size>
		<GaugeOffsetY>20</GaugeOffsetY>
		<Text>AA Exp</Text>
		<TextOffsetY>0</TextOffsetY>
		<TextOffsetX>39</TextOffsetX>
		<Style_VScroll>false</Style_VScroll>
		<Style_HScroll>false</Style_HScroll>
		<Style_Transparent>false</Style_Transparent>
		<!--<TooltipReference/>-->
		<FillTint>
			<R>240</R>
			<G>240</G>
			<B>0</B>
		</FillTint>
		<LinesFillTint>
			<R>0</R>
			<G>220</G>
			<B>220</B>
		</LinesFillTint>
		<DrawLinesFill>true</DrawLinesFill>
		<EQType>5</EQType>
		<GaugeDrawTemplate>
			<Background>A_GaugeBackground</Background>
			<Fill>A_GaugeFill</Fill>
			<LinesFill>A_GaugeLinesFill</LinesFill>
			<EndCapLeft>A_GaugeEndCapLeft</EndCapLeft>
			<EndCapRight>A_GaugeEndCapRight</EndCapRight>
		</GaugeDrawTemplate>
	</Gauge>
	<Label item="AAW_AssignedLabel">
		<ScreenID>AssignedLabel</ScreenID>
		<!--<Font>3</Font>-->
		<RelativePosition>true</RelativePosition>
		<Location>
			<X>530</X>
			<Y>155</Y>
		</Location>
		<Size>
			<CX>90</CX>
			<CY>20</CY>
		</Size>
		<Text>Assigned:</Text>
		<NoWrap>false</NoWrap>
		<AlignCenter>false</AlignCenter>
		<AlignLeft>true</AlignLeft>
	</Label>
	<Label item="AAW_TotalLabel">
		<ScreenID>TotalLabel</ScreenID>
		<!--<Font>3</Font>-->
		<RelativePosition>true</RelativePosition>
		<Location>
			<X>530</X>
			<Y>175</Y>
		</Location>
		<Size>
			<CX>90</CX>
			<CY>20</CY>
		</Size>
		<Text>Total Spent:</Text>
		<NoWrap>false</NoWrap>
		<AlignCenter>false</AlignCenter>
		<AlignLeft>true</AlignLeft>
	</Label>
	<Label item="AAW_CurrentLabel">
		<ScreenID>CurrentLabel</ScreenID>
		<!--<Font>3</Font>-->
		<RelativePosition>true</RelativePosition>
		<Location>
			<X>530</X>
			<Y>125</Y>
		</Location>
		<Size>
			<CX>90</CX>
			<CY>20</CY>
		</Size>
		<Text>AA Points:</Text>
		<NoWrap>true</NoWrap>
		<AlignCenter>false</AlignCenter>
		<AlignLeft>true</AlignLeft>
	</Label>
	<Label item="AAW_MonsterLabel">
		<ScreenID>MonsterLabel</ScreenID>
		<!--<Font>3</Font>-->
		<RelativePosition>true</RelativePosition>
		<Location>
			<X>530</X>
			<Y>125</Y>
		</Location>
		<Size>
			<CX>90</CX>
			<CY>20</CY>
		</Size>
		<Text>Monster Points:</Text>
		<NoWrap>false</NoWrap>
		<AlignCenter>false</AlignCenter>
		<AlignLeft>true</AlignLeft>
	</Label>
	<Label item="AAW_AssignedCount">
		<ScreenID>AssignedCount</ScreenID>
		<!--<Font>3</Font>-->
		<RelativePosition>true</RelativePosition>
		<Location>
			<X>560</X>
			<Y>155</Y>
		</Location>
		<Size>
			<CX>100</CX>
			<CY>20</CY>
		</Size>
		<Text>100</Text>
		<NoWrap>true</NoWrap>
		<AlignCenter>false</AlignCenter>
		<AlignRight>true</AlignRight>
	</Label>
	<Label item="AAW_TotalCount">
		<ScreenID>TotalCount</ScreenID>
		<!--<Font>3</Font>-->
		<RelativePosition>true</RelativePosition>
		<Location>
			<X>610</X>
			<Y>175</Y>
		</Location>
		<Size>
			<CX>50</CX>
			<CY>20</CY>
		</Size>
		<Text>100</Text>
		<NoWrap>true</NoWrap>
		<AlignCenter>false</AlignCenter>
		<AlignRight>true</AlignRight>
	</Label>
	<Label item="AAW_CurrentCount">
		<ScreenID>CurrentCount</ScreenID>
		<!--<Font>3</Font>-->
		<RelativePosition>true</RelativePosition>
		<Location>
			<X>610</X>
			<Y>125</Y>
		</Location>
		<Size>
			<CX>50</CX>
			<CY>20</CY>
		</Size>
		<Text>0</Text>
		<NoWrap>true</NoWrap>
		<AlignCenter>false</AlignCenter>
		<AlignRight>true</AlignRight>
	</Label>
	<STMLbox item="AAW_Description">
		<ScreenID>Description</ScreenID>
		<DrawTemplate>WDT_Inner</DrawTemplate>
		<RelativePosition>true</RelativePosition>
		<Style_VScroll>true</Style_VScroll>
		<Style_Transparent>false</Style_Transparent>
		<Location>
			<X>4</X>
			<Y>324</Y>
		</Location>
		<Size>
			<CX>518</CX>
			<CY>108</CY>
		</Size>
		<Style_Border>true</Style_Border>
		<Text>Description Area</Text>
	</STMLbox>
	<Listbox item="AAW_GeneralList">
		<ScreenID>List1</ScreenID>
		<DrawTemplate>WDT_Inner</DrawTemplate>
		<AutoStretch>true</AutoStretch>
		<TopAnchorToTop>true</TopAnchorToTop>
		<BottomAnchorToTop>false</BottomAnchorToTop>
		<LeftAnchorToLeft>true</LeftAnchorToLeft>
		<RightAnchorToLeft>false</RightAnchorToLeft>
		<Style_Border>true</Style_Border>
		<Style_VScroll>true</Style_VScroll>
		<Columns>
			<Width>210</Width>
			<Heading>Title</Heading>
		</Columns>
		<Columns>
			<Width>50</Width>
			<Heading>Cur/Max</Heading>
		</Columns>
		<Columns>
			<Width>40</Width>
			<Heading>Cost</Heading>
		</Columns>
		<Columns>
			<Width>40</Width>
			<Heading>Timer</Heading>
		</Columns>
		<Columns>
			<Width>160</Width>
			<Heading>Category</Heading>
		</Columns>
	</Listbox>
	<Page item="AAW_GeneralPage">
		<ScreenID>Page1</ScreenID>
		<RelativePosition>true</RelativePosition>
		<!-- Pages are sized and positioned by their parent tab -->
		<Style_VScroll>false</Style_VScroll>
		<Style_HScroll>false</Style_HScroll>
		<Style_Transparent>false</Style_Transparent>
		<TooltipReference />
		<DrawTemplate>WDT_Def</DrawTemplate>
		<TabText>General</TabText>
		<TabTextActiveColor>
			<R>255</R>
			<G>255</G>
			<B>0</B>
		</TabTextActiveColor>
		<Style_Sizable>true</Style_Sizable>
		<Pieces>AAW_GeneralList</Pieces>
		<Location>
			<X>0</X>
			<Y>22</Y>
		</Location>
		<Size>
			<CX>512</CX>
			<CY>290</CY>
		</Size>
	</Page>
	<Listbox item="AAW_ArchList">
		<ScreenID>List2</ScreenID>
		<DrawTemplate>WDT_Inner</DrawTemplate>
		<AutoStretch>true</AutoStretch>
		<TopAnchorToTop>true</TopAnchorToTop>
		<BottomAnchorToTop>false</BottomAnchorToTop>
		<LeftAnchorToLeft>true</LeftAnchorToLeft>
		<RightAnchorToLeft>false</RightAnchorToLeft>
		<Style_Border>true</Style_Border>
		<Style_VScroll>true</Style_VScroll>
		<Columns>
			<Width>210</Width>
			<Heading>Title</Heading>
		</Columns>
		<Columns>
			<Width>50</Width>
			<Heading>Cur/Max</Heading>
		</Columns>
		<Columns>
			<Width>40</Width>
			<Heading>Cost</Heading>
		</Columns>
		<Columns>
			<Width>40</Width>
			<Heading>Timer</Heading>
		</Columns>
		<Columns>
			<Width>160</Width>
			<Heading>Category</Heading>
		</Columns>
	</Listbox>
	<Page item="AAW_ArchetypePage">
		<ScreenID>Page2</ScreenID>
		<RelativePosition>true</RelativePosition>
		<!-- Pages are sized and positioned by their parent tab -->
		<Style_VScroll>false</Style_VScroll>
		<Style_HScroll>false</Style_HScroll>
		<Style_Transparent>false</Style_Transparent>
		<TooltipReference />
		<DrawTemplate>WDT_Def</DrawTemplate>
		<TabText>Archetype</TabText>
		<TabTextActiveColor>
			<R>255</R>
			<G>255</G>
			<B>0</B>
		</TabTextActiveColor>
		<Style_Sizable>true</Style_Sizable>
		<Pieces>AAW_ArchList</Pieces>
		<Location>
			<X>0</X>
			<Y>22</Y>
		</Location>
		<Size>
			<CX>512</CX>
			<CY>290</CY>
		</Size>
	</Page>
	<Listbox item="AAW_ClassList">
		<ScreenID>List3</ScreenID>
		<DrawTemplate>WDT_Inner</DrawTemplate>
		<AutoStretch>true</AutoStretch>
		<TopAnchorToTop>true</TopAnchorToTop>
		<BottomAnchorToTop>false</BottomAnchorToTop>
		<LeftAnchorToLeft>true</LeftAnchorToLeft>
		<RightAnchorToLeft>false</RightAnchorToLeft>
		<Style_Border>true</Style_Border>
		<Style_VScroll>true</Style_VScroll>
		<Columns>
			<Width>210</Width>
			<Heading>Title</Heading>
		</Columns>
		<Columns>
			<Width>50</Width>
			<Heading>Cur/Max</Heading>
		</Columns>
		<Columns>
			<Width>40</Width>
			<Heading>Cost</Heading>
		</Columns>
		<Columns>
			<Width>40</Width>
			<Heading>Timer</Heading>
		</Columns>
		<Columns>
			<Width>160</Width>
			<Heading>Category</Heading>
		</Columns>
	</Listbox>
	<Page item="AAW_ClassPage">
		<ScreenID>Page3</ScreenID>
		<RelativePosition>true</RelativePosition>
		<!-- Pages are sized and positioned by their parent tab -->
		<Style_VScroll>false</Style_VScroll>
		<Style_HScroll>false</Style_HScroll>
		<Style_Transparent>false</Style_Transparent>
		<TooltipReference />
		<DrawTemplate>WDT_Def</DrawTemplate>
		<TabText>Class</TabText>
		<TabTextActiveColor>
			<R>255</R>
			<G>255</G>
			<B>0</B>
		</TabTextActiveColor>
		<Style_Sizable>true</Style_Sizable>
		<Pieces>AAW_ClassList</Pieces>
		<Location>
			<X>0</X>
			<Y>22</Y>
		</Location>
		<Size>
			<CX>512</CX>
			<CY>290</CY>
		</Size>
	</Page>
	<Listbox item="AAW_SpecialList">
		<ScreenID>List4</ScreenID>
		<DrawTemplate>WDT_Inner</DrawTemplate>
		<AutoStretch>true</AutoStretch>
		<TopAnchorToTop>true</TopAnchorToTop>
		<BottomAnchorToTop>false</BottomAnchorToTop>
		<LeftAnchorToLeft>true</LeftAnchorToLeft>
		<RightAnchorToLeft>false</RightAnchorToLeft>
		<Style_Border>true</Style_Border>
		<Style_VScroll>true</Style_VScroll>
		<Columns>
			<Width>210</Width>
			<Heading>Title</Heading>
		</Columns>
		<Columns>
			<Width>50</Width>
			<Heading>Cur/Max</Heading>
		</Columns>
		<Columns>
			<Width>40</Width>
			<Heading>Cost</Heading>
		</Columns>
		<Columns>
			<Width>40</Width>
			<Heading>Timer</Heading>
		</Columns>
		<Columns>
			<Width>160</Width>
			<Heading>Category</Heading>
		</Columns>
	</Listbox>
	<Page item="AAW_SpecialPage">
		<ScreenID>Page4</ScreenID>
		<RelativePosition>true</RelativePosition>
		<!-- Pages are sized and positioned by their parent tab -->
		<Style_VScroll>false</Style_VScroll>
		<Style_HScroll>false</Style_HScroll>
		<Style_Transparent>false</Style_Transparent>
		<TooltipReference />
		<DrawTemplate>WDT_Def</DrawTemplate>
		<TabText>Special</TabText>
		<TabTextActiveColor>
			<R>255</R>
			<G>255</G>
			<B>0</B>
		</TabTextActiveColor>
		<Style_Sizable>true</Style_Sizable>
		<Pieces>AAW_SpecialList</Pieces>
		<Location>
			<X>0</X>
			<Y>22</Y>
		</Location>
		<Size>
			<CX>512</CX>
			<CY>290</CY>
		</Size>
	</Page>
	<Listbox item="AAW_FocusList">
		<ScreenID>List5</ScreenID>
		<DrawTemplate>WDT_Inner</DrawTemplate>
		<AutoStretch>true</AutoStretch>
		<TopAnchorToTop>true</TopAnchorToTop>
		<BottomAnchorToTop>false</BottomAnchorToTop>
		<LeftAnchorToLeft>true</LeftAnchorToLeft>
		<RightAnchorToLeft>false</RightAnchorToLeft>
		<Style_Border>true</Style_Border>
		<Style_VScroll>true</Style_VScroll>
		<Columns>
			<Width>210</Width>
			<Heading>Title</Heading>
		</Columns>
		<Columns>
			<Width>50</Width>
			<Heading>Cur/Max</Heading>
		</Columns>
		<Columns>
			<Width>40</Width>
			<Heading>Cost</Heading>
		</Columns>
		<Columns>
			<Width>40</Width>
			<Heading>Timer</Heading>
		</Columns>
		<Columns>
			<Width>160</Width>
			<Heading>Category</Heading>
		</Columns>
	</Listbox>
	<Page item="AAW_FocusPage">
		<ScreenID>Page5</ScreenID>
		<RelativePosition>true</RelativePosition>
		<!-- Pages are sized and positioned by their parent tab -->
		<Style_VScroll>false</Style_VScroll>
		<Style_HScroll>false</Style_HScroll>
		<Style_Transparent>false</Style_Transparent>
		<TooltipReference />
		<DrawTemplate>WDT_Def</DrawTemplate>
		<TabText>Focus</TabText>
		<TabTextActiveColor>
			<R>255</R>
			<G>255</G>
			<B>0</B>
		</TabTextActiveColor>
		<Style_Sizable>true</Style_Sizable>
		<Pieces>AAW_FocusList</Pieces>
		<Location>
			<X>0</X>
			<Y>22</Y>
		</Location>
		<Size>
			<CX>512</CX>
			<CY>290</CY>
		</Size>
	</Page>
	<Listbox item="AAW_MercAAList">
		<ScreenID>List6</ScreenID>
		<DrawTemplate>WDT_Inner</DrawTemplate>
		<AutoStretch>true</AutoStretch>
		<TopAnchorToTop>true</TopAnchorToTop>
		<BottomAnchorToTop>false</BottomAnchorToTop>
		<LeftAnchorToLeft>true</LeftAnchorToLeft>
		<RightAnchorToLeft>false</RightAnchorToLeft>
		<Style_Border>true</Style_Border>
		<Style_VScroll>true</Style_VScroll>
		<Columns>
			<Width>210</Width>
			<Heading>Title</Heading>
		</Columns>
		<Columns>
			<Width>50</Width>
			<Heading>Cur/Max</Heading>
		</Columns>
		<Columns>
			<Width>40</Width>
			<Heading>Cost</Heading>
		</Columns>
		<Columns>
			<Width>160</Width>
			<Heading>Category</Heading>
		</Columns>
	</Listbox>
	<Page item="AAW_MercAAPage">
		<ScreenID>Page6</ScreenID>
		<RelativePosition>true</RelativePosition>
		<!-- Pages are sized and positioned by their parent tab -->
		<Style_VScroll>false</Style_VScroll>
		<Style_HScroll>false</Style_HScroll>
		<Style_Transparent>false</Style_Transparent>
		<TooltipReference />
		<DrawTemplate>WDT_Def</DrawTemplate>
		<TabText>Merc</TabText>
		<TabTextActiveColor>
			<R>255</R>
			<G>255</G>
			<B>0</B>
		</TabTextActiveColor>
		<Style_Sizable>true</Style_Sizable>
		<Pieces>AAW_MercAAList</Pieces>
		<Location>
			<X>0</X>
			<Y>22</Y>
		</Location>
		<Size>
			<CX>512</CX>
			<CY>290</CY>
		</Size>
	</Page>

	<TabBox item="AAW_Subwindows">
		<ScreenID>Subwindows</ScreenID>
		<RelativePosition>true</RelativePosition>
		<Location>
			<X>4</X>
			<Y>0</Y>
		</Location>
		<Size>
			<CX>520</CX>
			<CY>320</CY>
		</Size>
		<TabBorderTemplate>FT_DefTabBorder</TabBorderTemplate>
		<PageBorderTemplate>FT_DefPageBorder</PageBorderTemplate>
		<Pages>AAW_GeneralPage</Pages>
		<Pages>AAW_ArchetypePage</Pages>
		<Pages>AAW_ClassPage</Pages>
		<Pages>AAW_SpecialPage</Pages>
		<Pages>AAW_FocusPage</Pages>
		<Pages>AAW_MercAAPage</Pages>
	</TabBox>
	<Label item="AAW_Timer">
		<ScreenID>Timer</ScreenID>
		<RelativePosition>true</RelativePosition>
		<Location>
			<X>425</X>
			<Y>327</Y>
		</Location>
		<Size>
			<CX>100</CX>
			<CY>14</CY>
		</Size>
		<Text />
		<TextColor>
			<R>51</R>
			<G>204</G>
			<B>51</B>
		</TextColor>
		<NoWrap>true</NoWrap>
		<AlignCenter>true</AlignCenter>
		<AlignRight>false</AlignRight>
	</Label>
	<Label item="AAW_Count">
		<ScreenID>Count</ScreenID>
		<RelativePosition>true</RelativePosition>
		<Location>
			<X>425</X>
			<Y>342</Y>
		</Location>
		<Size>
			<CX>100</CX>
			<CY>14</CY>
		</Size>
		<Text />
		<TextColor>
			<R>51</R>
			<G>204</G>
			<B>51</B>
		</TextColor>
		<NoWrap>true</NoWrap>
		<AlignCenter>true</AlignCenter>
		<AlignRight>false</AlignRight>
	</Label>
	<Button item="AAW_TrainFilter">
		<ScreenID>CanPurchaseFilter</ScreenID>
		<!--<Font>3</Font>-->
		<RelativePosition>true</RelativePosition>
		<Location>
			<X>5</X>
			<Y>442</Y>
		</Location>
		<Size>
			<CX>85</CX>
			<CY>24</CY>
		</Size>
		<Style_Transparent>false</Style_Transparent>
		<TooltipReference>Filter Only Trainable Abilities</TooltipReference>
		<Style_Checkbox>true</Style_Checkbox>
		<!--<RadioGroup/>-->
		<Text>Can Purchase</Text>
		<Template>BDT_Normal</Template>
	</Button>
	<Combobox item="AAW_PassiveFilter">
		<ScreenID>PassiveFilter</ScreenID>
		<DrawTemplate>WDT_Inner</DrawTemplate>
		<Location>
			<X>95</X>
			<Y>442</Y>
		</Location>
		<Size>
			<CX>95</CX>
			<CY>24</CY>
		</Size>
		<ListHeight>60</ListHeight>
		<Button>BDT_Combo</Button>
		<Style_Border>true</Style_Border>
	</Combobox>
	<Combobox item="AAW_ExpansionFilter">
		<ScreenID>ExpansionFilter</ScreenID>
		<DrawTemplate>WDT_Inner</DrawTemplate>
		<AutoStretchList>true</AutoStretchList>
		<Location>
			<X>195</X>
			<Y>442</Y>
		</Location>
		<Size>
			<CX>125</CX>
			<CY>24</CY>
		</Size>
		<ListHeight>60</ListHeight>
		<Button>BDT_Combo</Button>
		<Style_Border>true</Style_Border>
	</Combobox>
	<Combobox item="AAW_CatigoryFilter">
		<ScreenID>CatigoryFilter</ScreenID>
		<DrawTemplate>WDT_Inner</DrawTemplate>
		<AutoStretchList>true</AutoStretchList>
		<Location>
			<X>325</X>
			<Y>442</Y>
		</Location>
		<Size>
			<CX>95</CX>
			<CY>24</CY>
		</Size>
		<ListHeight>60</ListHeight>
		<Button>BDT_Combo</Button>
		<Style_Border>true</Style_Border>
	</Combobox>
	<Combobox item="AAW_MercTypeFilter">
		<ScreenID>MercTypeFilter</ScreenID>
		<DrawTemplate>WDT_Inner</DrawTemplate>
		<Location>
			<X>95</X>
			<Y>442</Y>
		</Location>
		<Size>
			<CX>95</CX>
			<CY>24</CY>
		</Size>
		<ListHeight>60</ListHeight>
		<Button>BDT_Combo</Button>
		<Style_Border>true</Style_Border>
	</Combobox>
	<Button item="AAW_ResetFilter">
		<ScreenID>ResetFilter</ScreenID>
		<!--<Font>3</Font>-->
		<RelativePosition>true</RelativePosition>
		<Location>
			<X>465</X>
			<Y>442</Y>
		</Location>
		<Size>
			<CX>55</CX>
			<CY>24</CY>
		</Size>
		<Style_Transparent>false</Style_Transparent>
		<TooltipReference>Resets filters to their default setting</TooltipReference>
		<Style_Checkbox>false</Style_Checkbox>
		<!--<RadioGroup/>-->
		<Text>Reset</Text>
		<Template>BDT_Normal</Template>
	</Button>
	<Gauge item="AAW_MercAAExpGauge">
		<ScreenID>MercAAExpGauge</ScreenID>
		<RelativePosition>true</RelativePosition>
		<Location>
			<X>541</X>
			<Y>214</Y>
		</Location>
		<Size>
			<CX>108</CX>
			<CY>30</CY>
		</Size>
		<GaugeOffsetY>20</GaugeOffsetY>
		<Text>Mercenary AA Exp</Text>
		<TextOffsetY>0</TextOffsetY>
		<TextOffsetX>8</TextOffsetX>
		<Style_VScroll>false</Style_VScroll>
		<Style_HScroll>false</Style_HScroll>
		<Style_Transparent>false</Style_Transparent>
		<FillTint>
			<R>240</R>
			<G>240</G>
			<B>0</B>
		</FillTint>
		<LinesFillTint>
			<R>0</R>
			<G>220</G>
			<B>220</B>
		</LinesFillTint>
		<DrawLinesFill>true</DrawLinesFill>
		<EQType>150</EQType>
		<GaugeDrawTemplate>
			<Background>A_GaugeBackground</Background>
			<Fill>A_GaugeFill</Fill>
			<LinesFill>A_GaugeLinesFill</LinesFill>
			<EndCapLeft>A_GaugeEndCapLeft</EndCapLeft>
			<EndCapRight>A_GaugeEndCapRight</EndCapRight>
		</GaugeDrawTemplate>
	</Gauge>
	<Label item="AAW_MercAAAssignedLabel">
		<ScreenID>MercAAAssignedLabel</ScreenID>
		<RelativePosition>true</RelativePosition>
		<Location>
			<X>530</X>
			<Y>285</Y>
		</Location>
		<Size>
			<CX>90</CX>
			<CY>20</CY>
		</Size>
		<Text>Total Spent:</Text>
		<NoWrap>false</NoWrap>
		<AlignCenter>false</AlignCenter>
		<AlignLeft>true</AlignLeft>
	</Label>
	<Label item="AAW_MercAACurrentLabel">
		<ScreenID>MercAACurrentLabel</ScreenID>
		<RelativePosition>true</RelativePosition>
		<Location>
			<X>530</X>
			<Y>265</Y>
		</Location>
		<Size>
			<CX>90</CX>
			<CY>20</CY>
		</Size>
		<Text>AA Points:</Text>
		<NoWrap>true</NoWrap>
		<AlignCenter>false</AlignCenter>
		<AlignLeft>true</AlignLeft>
	</Label>	
	<Label item="AAW_MercAAAssignedCount">
		<ScreenID>MercAAAssignedCount</ScreenID>
		<RelativePosition>true</RelativePosition>
		<Location>
			<X>560</X>
			<Y>285</Y>
		</Location>
		<Size>
			<CX>100</CX>
			<CY>20</CY>
		</Size>
		<Text>100</Text>
		<EQType>337</EQType>
		<NoWrap>true</NoWrap>
		<AlignCenter>false</AlignCenter>
		<AlignRight>true</AlignRight>
	</Label>
	<Label item="AAW_MercAACurrentCount">
		<ScreenID>MercAACurrentCount</ScreenID>
		<RelativePosition>true</RelativePosition>
		<Location>
			<X>630</X>
			<Y>265</Y>
		</Location>
		<Size>
			<CX>30</CX>
			<CY>20</CY>
		</Size>
		<Text>0</Text>
		<EQType>336</EQType>
		<NoWrap>true</NoWrap>
		<AlignCenter>false</AlignCenter>
		<AlignRight>true</AlignRight>
	</Label>
	<Button item="AAW_AutoGrantAAsButton">
		<ScreenID>AAW_AutoGrantAAsButton</ScreenID>
		<Location>
<!--MODIFY-->		<X>530</X>
<!--MODIFY-->		<Y>4</Y>
		</Location>
		<Size>
			<CX>150</CX>
			<CY>16</CY>
		</Size>
		<Style_Checkbox>true</Style_Checkbox>
		<Text>Auto-Grant Enable</Text>
		<TextColor>
			<R>255</R>
			<G>0</G>
			<B>0</B>
		</TextColor>
		<UseCustomPressedColor>true</UseCustomPressedColor>
		<PressedColor>
			<R>0</R>
			<G>255</G>
			<B>0</B>
		</PressedColor>
		<TooltipReference>Checking this box will automatically grant you all of the AA abilities that you meet the requirements for the next time you enter the game from character select or when your character level changes.</TooltipReference>
		<Template>BDT_CheckboxWithText</Template>
		<DecalSize>
			<CX>16</CX>
			<CY>16</CY>
		</DecalSize>
		<TextOffsetX>20</TextOffsetX>
	</Button>
	<Screen item="AAWindow">
		<!--<ScreenID/>-->
		<RelativePosition>false</RelativePosition>
		<Location>
			<X>10</X>
			<Y>10</Y>
		</Location>
		<Size>
			<CX>680</CX>
			<CY>496</CY>
		</Size>
		<Style_VScroll>false</Style_VScroll>
		<Style_HScroll>false</Style_HScroll>
		<Style_Transparent>false</Style_Transparent>
		<!--<TooltipReference/>-->
		<Text>Alternate Advancement Window</Text>
		<DrawTemplate>WDT_Rounded</DrawTemplate>
		<Style_Titlebar>true</Style_Titlebar>
		<Style_Qmarkbox>true</Style_Qmarkbox>
		<Style_Closebox>true</Style_Closebox>
		<Style_Minimizebox>true</Style_Minimizebox>
		<Style_Border>true</Style_Border>
		<Style_Sizable>false</Style_Sizable>
		<Pieces>AAW_Subwindows</Pieces>
		<Pieces>AAW_Description</Pieces>
		<Pieces>AAW_AssignedLabel</Pieces>
		<Pieces>AAW_AssignedCount</Pieces>
		<Pieces>AAW_TotalLabel</Pieces>
		<Pieces>AAW_TotalCount</Pieces>
		<Pieces>AAW_CurrentLabel</Pieces>
		<Pieces>AAW_MonsterLabel</Pieces>
		<Pieces>AAW_CurrentCount</Pieces>
		<Pieces>AAW_ExpGauge</Pieces>
		<Pieces>AAW_MercAAExpGauge</Pieces>
		<Pieces>AAW_MercAAAssignedLabel</Pieces>
		<Pieces>AAW_MercAACurrentLabel</Pieces>
		<Pieces>AAW_MercAAAssignedCount</Pieces>
		<Pieces>AAW_MercAACurrentCount</Pieces>
		<Pieces>AAW_BuyAllButton</Pieces>
		<Pieces>AAW_TrainButton</Pieces>
		<Pieces>AAW_HotButton</Pieces>
		<Pieces>AAW_LoadSaveLabel</Pieces>
		<Pieces>AAW_LoadButton</Pieces>
		<Pieces>AAW_SaveButton</Pieces>
		<Pieces>AAW_DoneButton</Pieces>
		<Pieces>AAW_PercentLabel</Pieces>
		<Pieces>AAW_PercentCount</Pieces>
		<Pieces>AAW_LessExpButton</Pieces>
		<Pieces>AAW_MoreExpButton</Pieces>
		<Pieces>AAW_Timer</Pieces>
		<Pieces>AAW_Count</Pieces>
		<Pieces>AAW_TrainFilter</Pieces>
		<Pieces>AAW_PassiveFilter</Pieces>
		<Pieces>AAW_ExpansionFilter</Pieces>
		<Pieces>AAW_CatigoryFilter</Pieces>
		<Pieces>AAW_MercTypeFilter</Pieces>
		<Pieces>AAW_ResetFilter</Pieces>
		<Pieces>AAW_AutoGrantAAsButton</Pieces>
	</Screen>
</XML>
