<?xml version="1.0" encoding="us-ascii"?>
<XML ID="EQInterfaceDefinitionLanguage">
  <Schema xmlns="EverQuestData" xmlns:dt="EverQuestDataTypes" />
  
  <Label item = "IDW_CollectedLabel">
	<ScreenID>IDW_CollectedLabel</ScreenID>
	<RelativePosition>true</RelativePosition>
	<Location>
		<X>10</X>
		<Y>95</Y>
	</Location>
	<Size>
		<CX>100</CX>
		<CY>20</CY>
	</Size>
	<Text></Text>
	<NoWrap>true</NoWrap>
  </Label>

  <Label item = "IDW_ScribedLabel">
	<ScreenID>IDW_ScribedLabel</ScreenID>
	<RelativePosition>true</RelativePosition>
	<Location>
		<X>10</X>
		<Y>95</Y>
	</Location>
	<Size>
		<CX>100</CX>
		<CY>20</CY>
	</Size>
	<Text></Text>
	<NoWrap>true</NoWrap>
  </Label>
  
  <Button item="IDW_ModButton">
		<ScreenID>IDW_ModButton</ScreenID>
		<!--<Font>3</Font>-->
		<RelativePosition>true</RelativePosition>
		<Location>
			<X>10</X>
			<Y>135</Y>
		</Location>
		<Size>
			<CX>10</CX>
			<CY>10</CY>
		</Size>
		<Text></Text>
		<Template>BDT_Normal</Template>
		<!--<SoundPressed/>-->
		<!--<SoundUp/>-->
		<!--<SoundFlyby/>-->
  </Button>
  
  <Button item="IDW_PrintRealEstateItems">
		<ScreenID>IDW_PrintRealEstateItems</ScreenID>
		<!--<Font>3</Font>-->
		<RelativePosition>true</RelativePosition>
		<Location>
			<X>10</X>
			<Y>135</Y>
		</Location>
		<Size>
			<CX>70</CX>
			<CY>20</CY>
		</Size>
		<Text>Print Items</Text>
		<Template>BDT_Normal</Template>
		<!--<SoundPressed/>-->
		<!--<SoundUp/>-->
		<!--<SoundFlyby/>-->
  </Button>
  
  <Label item = "IDW_ModButtonLabel">
	<ScreenID>IDW_ModButtonLabel</ScreenID>
	<RelativePosition>true</RelativePosition>
	<Location>
		<X>10</X>
		<Y>60</Y>
	</Location>
	<Size>
		<CX>40</CX>
		<CY>20</CY>
	</Size>
	<Text></Text>
	<NoWrap>true</NoWrap>
  </Label>

  <Button item="IDW_ConvertButton">
		<ScreenID>IDW_ConvertButton</ScreenID>
		<!--<Font>3</Font>-->
		<RelativePosition>true</RelativePosition>
		<Location>
			<X>10</X>
			<Y>135</Y>
		</Location>
		<Size>
			<CX>10</CX>
			<CY>10</CY>
		</Size>
		<Text></Text>
		<Template>BDT_Normal</Template>
		<!--<SoundPressed/>-->
		<!--<SoundUp/>-->
		<!--<SoundFlyby/>-->
  </Button>
  
  <STMLbox item="IDW_ConvertButtonLabel">
	<ScreenID>IDW_ConvertButtonLabel</ScreenID>
	<RelativePosition>true</RelativePosition>
	<Location>
		<X>10</X>
		<Y>60</Y>
	</Location>
	<Size>
		<CX>600</CX>
		<CY>20</CY>
	</Size>
	<Text></Text>
	<NoWrap>true</NoWrap>
  </STMLbox>
  
  <Label item = "IDW_ItemInfo1">
	<ScreenID>IDW_ItemInfo1</ScreenID>
	<RelativePosition>true</RelativePosition>
	<Location>
		<X>60</X>
		<Y>10</Y>
	</Location>
	<Size>
		<CX>600</CX>
		<CY>20</CY>
	</Size>
	<Text></Text>
	<NoWrap>true</NoWrap>
	</Label>
   <Label item = "IDW_ItemInfo2">
	<ScreenID>IDW_ItemInfo2</ScreenID>
	<RelativePosition>true</RelativePosition>
	<Location>
		<X>60</X>
		<Y>26</Y>
	</Location>
	<Size>
		<CX>600</CX>
		<CY>20</CY>
	</Size>
	<Text></Text>
	<NoWrap>true</NoWrap>
	</Label>
  <Label item = "IDW_ItemInfo3">
	<ScreenID>IDW_ItemInfo3</ScreenID>
	<RelativePosition>true</RelativePosition>
	<Location>
		<X>60</X>
		<Y>42</Y>
	</Location>
	<Size>
		<CX>600</CX>
		<CY>20</CY>
	</Size>
	<Text></Text>
	<NoWrap>true</NoWrap>
	</Label>
  <Label item = "IDW_ItemInfo4">
	<ScreenID>IDW_ItemInfo4</ScreenID>
	<RelativePosition>true</RelativePosition>
	<Location>
		<X>60</X>
		<Y>58</Y>
	</Location>
	<Size>
		<CX>600</CX>
		<CY>20</CY>
	</Size>
	<Text></Text>
	<NoWrap>true</NoWrap>
	</Label>
 <Label item = "IDW_ItemInfo5">
	<ScreenID>IDW_ItemInfo5</ScreenID>
	<RelativePosition>true</RelativePosition>
	<Location>
		<X>60</X>
		<Y>74</Y>
	</Location>
	<Size>
		<CX>600</CX>
		<CY>20</CY>
	</Size>
	<Text></Text>
	<NoWrap>true</NoWrap>
	</Label>
  <Label item = "IDW_ItemInfo6">
	<ScreenID>IDW_ItemInfo6</ScreenID>
	<RelativePosition>true</RelativePosition>
	<Location>
		<X>60</X>
		<Y>90</Y>
	</Location>
	<Size>
		<CX>600</CX>
		<CY>20</CY>
	</Size>
	<Text></Text>
	<NoWrap>true</NoWrap>
	</Label>
  <Label item = "IDW_ItemInfo7">
	<ScreenID>IDW_ItemInfo7</ScreenID>
	<RelativePosition>true</RelativePosition>
	<Location>
		<X>60</X>
		<Y>106</Y>
	</Location>
	<Size>
		<CX>600</CX>
		<CY>20</CY>
	</Size>
	<Text></Text>
	<NoWrap>true</NoWrap>
	</Label>
  <Label item = "IDW_ItemInfo8">
	<ScreenID>IDW_ItemInfo8</ScreenID>
	<RelativePosition>true</RelativePosition>
	<Location>
		<X>60</X>
		<Y>122</Y>
	</Location>
	<Size>
		<CX>600</CX>
		<CY>20</CY>
	</Size>
	<Text></Text>
	<NoWrap>true</NoWrap>
	</Label>
  <Label item = "IDW_ItemInfo9">
	<ScreenID>IDW_ItemInfo9</ScreenID>
	<RelativePosition>true</RelativePosition>
	<Location>
		<X>60</X>
		<Y>138</Y>
	</Location>
	<Size>
		<CX>600</CX>
		<CY>20</CY>
	</Size>
	<Text></Text>
	<NoWrap>true</NoWrap>
	</Label>
  <Label item = "IDW_ItemInfo10">
	<ScreenID>IDW_ItemInfo10</ScreenID>
	<RelativePosition>true</RelativePosition>
	<Location>
		<X>60</X>
		<Y>154</Y>
	</Location>
	<Size>
		<CX>600</CX>
		<CY>20</CY>
	</Size>
	<Text></Text>
	<NoWrap>true</NoWrap>
  </Label>
   <Label item = "IDW_ItemInfo11">
	<ScreenID>IDW_ItemInfo11</ScreenID>
	<RelativePosition>true</RelativePosition>
	<Location>
		<X>60</X>
		<Y>170</Y>
	</Location>
	<Size>
		<CX>600</CX>
		<CY>20</CY>
	</Size>
	<Text></Text>
	<NoWrap>true</NoWrap>
	</Label>
	 <Label item = "IDW_ItemInfo12">
	<ScreenID>IDW_ItemInfo12</ScreenID>
	<RelativePosition>true</RelativePosition>
	<Location>
		<X>60</X>
		<Y>186</Y>
	</Location>
	<Size>
		<CX>600</CX>
		<CY>20</CY>
	</Size>
	<Text></Text>
	<NoWrap>true</NoWrap>
	</Label>
  <Label item = "IDW_ItemInfo13">
	<ScreenID>IDW_ItemInfo13</ScreenID>
	<RelativePosition>true</RelativePosition>
	<Location>
		<X>60</X>
		<Y>202</Y>
	</Location>
	<Size>
		<CX>600</CX>
		<CY>20</CY>
	</Size>
	<Text></Text>
	<NoWrap>true</NoWrap>
  </Label>
  <Label item = "IDW_Row1Col1Stat">
	<ScreenID>IDW_Row1Col1Stat</ScreenID>
	<RelativePosition>true</RelativePosition>
	<Location>
		<X>10</X>
		<Y>60</Y>
	</Location>
	<Size>
		<CX>110</CX>
		<CY>20</CY>
	</Size>
	<Text></Text>
	<NoWrap>true</NoWrap>
  </Label>
  <Label item = "IDW_Row1Col1Value">
	<ScreenID>IDW_Row1Col1Value</ScreenID>
	<RelativePosition>true</RelativePosition>
	<Location>
		<X>10</X>
		<Y>60</Y>
	</Location>
	<Size>
		<CX>110</CX>
		<CY>20</CY>
	</Size>
	<Text></Text>
	<NoWrap>true</NoWrap>
	<AlignRight>true</AlignRight>
  </Label>
  
  <Label item = "IDW_Row2Col1Stat">
	<ScreenID>IDW_Row2Col1Stat</ScreenID>
	<RelativePosition>true</RelativePosition>
	<Location>
		<X>10</X>
		<Y>76</Y>
	</Location>
	<Size>
		<CX>110</CX>
		<CY>20</CY>
	</Size>
	<Text></Text>
	<NoWrap>true</NoWrap>
  </Label>
  <Label item = "IDW_Row2Col1Value">
	<ScreenID>IDW_Row2Col1Value</ScreenID>
	<RelativePosition>true</RelativePosition>
	<Location>
		<X>10</X>
		<Y>76</Y>
	</Location>
	<Size>
		<CX>110</CX>
		<CY>20</CY>
	</Size>
	<Text></Text>
	<NoWrap>true</NoWrap>
	<AlignRight>true</AlignRight>
  </Label>
  
  <Label item = "IDW_Row3Col1Stat">
	<ScreenID>IDW_Row3Col1Stat</ScreenID>
	<RelativePosition>true</RelativePosition>
	<Location>
		<X>10</X>
		<Y>92</Y>
	</Location>
	<Size>
		<CX>110</CX>
		<CY>20</CY>
	</Size>
	<Text></Text>
	<NoWrap>true</NoWrap>
  </Label>
  <Label item = "IDW_Row3Col1Value">
	<ScreenID>IDW_Row3Col1Value</ScreenID>
	<RelativePosition>true</RelativePosition>
	<Location>
		<X>10</X>
		<Y>92</Y>
	</Location>
	<Size>
		<CX>110</CX>
		<CY>20</CY>
	</Size>
	<Text></Text>
	<NoWrap>true</NoWrap>
	<AlignRight>true</AlignRight>
  </Label>
  
  <Label item = "IDW_Row4Col1Stat">
	<ScreenID>IDW_Row4Col1Stat</ScreenID>
	<RelativePosition>true</RelativePosition>
	<Location>
		<X>10</X>
		<Y>108</Y>
	</Location>
	<Size>
		<CX>110</CX>
		<CY>20</CY>
	</Size>
	<Text></Text>
	<NoWrap>true</NoWrap>
  </Label>
  <Label item = "IDW_Row4Col1Value">
	<ScreenID>IDW_Row4Col1Value</ScreenID>
	<RelativePosition>true</RelativePosition>
	<Location>
		<X>10</X>
		<Y>108</Y>
	</Location>
	<Size>
		<CX>110</CX>
		<CY>20</CY>
	</Size>
	<Text></Text>
	<NoWrap>true</NoWrap>
	<AlignRight>true</AlignRight>
  </Label>
  
  <Label item = "IDW_Row5Col1Stat">
	<ScreenID>IDW_Row5Col1Stat</ScreenID>
	<RelativePosition>true</RelativePosition>
	<Location>
		<X>10</X>
		<Y>124</Y>
	</Location>
	<Size>
		<CX>110</CX>
		<CY>20</CY>
	</Size>
	<Text></Text>
	<NoWrap>true</NoWrap>
  </Label>
  <Label item = "IDW_Row5Col1Value">
	<ScreenID>IDW_Row5Col1Value</ScreenID>
	<RelativePosition>true</RelativePosition>
	<Location>
		<X>10</X>
		<Y>124</Y>
	</Location>
	<Size>
		<CX>110</CX>
		<CY>20</CY>
	</Size>
	<Text></Text>
	<NoWrap>true</NoWrap>
	<AlignRight>true</AlignRight>
  </Label>
  
  <Label item = "IDW_Row6Col1Stat">
	<ScreenID>IDW_Row6Col1Stat</ScreenID>
	<RelativePosition>true</RelativePosition>
	<Location>
		<X>10</X>
		<Y>140</Y>
	</Location>
	<Size>
		<CX>110</CX>
		<CY>20</CY>
	</Size>
	<Text></Text>
	<NoWrap>true</NoWrap>
  </Label>
  <Label item = "IDW_Row6Col1Value">
	<ScreenID>IDW_Row6Col1Value</ScreenID>
	<RelativePosition>true</RelativePosition>
	<Location>
		<X>10</X>
		<Y>140</Y>
	</Location>
	<Size>
		<CX>110</CX>
		<CY>20</CY>
	</Size>
	<Text></Text>
	<NoWrap>true</NoWrap>
	<AlignRight>true</AlignRight>
  </Label>
  
  <Label item = "IDW_Row7Col1Stat">
	<ScreenID>IDW_Row7Col1Stat</ScreenID>
	<RelativePosition>true</RelativePosition>
	<Location>
		<X>10</X>
		<Y>156</Y>
	</Location>
	<Size>
		<CX>110</CX>
		<CY>20</CY>
	</Size>
	<Text></Text>
	<NoWrap>true</NoWrap>
  </Label>
  <Label item = "IDW_Row7Col1Value">
	<ScreenID>IDW_Row7Col1Value</ScreenID>
	<RelativePosition>true</RelativePosition>
	<Location>
		<X>10</X>
		<Y>156</Y>
	</Location>
	<Size>
		<CX>110</CX>
		<CY>20</CY>
	</Size>
	<Text></Text>
	<NoWrap>true</NoWrap>
	<AlignRight>true</AlignRight>
  </Label>
  
  <Label item = "IDW_Row8Col1Stat">
	<ScreenID>IDW_Row8Col1Stat</ScreenID>
	<RelativePosition>true</RelativePosition>
	<Location>
		<X>10</X>
		<Y>172</Y>
	</Location>
	<Size>
		<CX>110</CX>
		<CY>20</CY>
	</Size>
	<Text></Text>
	<NoWrap>true</NoWrap>
  </Label>
  <Label item = "IDW_Row8Col1Value">
	<ScreenID>IDW_Row8Col1Value</ScreenID>
	<RelativePosition>true</RelativePosition>
	<Location>
		<X>10</X>
		<Y>172</Y>
	</Location>
	<Size>
		<CX>110</CX>
		<CY>20</CY>
	</Size>
	<Text></Text>
	<NoWrap>true</NoWrap>
	<AlignRight>true</AlignRight>
  </Label>
  
  <Label item = "IDW_Row9Col1Stat">
	<ScreenID>IDW_Row9Col1Stat</ScreenID>
	<RelativePosition>true</RelativePosition>
	<Location>
		<X>10</X>
		<Y>188</Y>
	</Location>
	<Size>
		<CX>110</CX>
		<CY>20</CY>
	</Size>
	<Text></Text>
	<NoWrap>true</NoWrap>
  </Label>
  <Label item = "IDW_Row9Col1Value">
	<ScreenID>IDW_Row9Col1Value</ScreenID>
	<RelativePosition>true</RelativePosition>
	<Location>
		<X>10</X>
		<Y>188</Y>
	</Location>
	<Size>
		<CX>110</CX>
		<CY>20</CY>
	</Size>
	<Text></Text>
	<NoWrap>true</NoWrap>
	<AlignRight>true</AlignRight>
  </Label>
  
  <Label item = "IDW_Row10Col1Stat">
	<ScreenID>IDW_Row10Col1Stat</ScreenID>
	<RelativePosition>true</RelativePosition>
	<Location>
		<X>10</X>
		<Y>204</Y>
	</Location>
	<Size>
		<CX>110</CX>
		<CY>20</CY>
	</Size>
	<Text></Text>
	<NoWrap>true</NoWrap>
  </Label>
  <Label item = "IDW_Row10Col1Value">
	<ScreenID>IDW_Row10Col1Value</ScreenID>
	<RelativePosition>true</RelativePosition>
	<Location>
		<X>10</X>
		<Y>204</Y>
	</Location>
	<Size>
		<CX>110</CX>
		<CY>20</CY>
	</Size>
	<Text></Text>
	<NoWrap>true</NoWrap>
	<AlignRight>true</AlignRight>
  </Label>
  
  <Label item = "IDW_Row11Col1Stat">
	<ScreenID>IDW_Row11Col1Stat</ScreenID>
	<RelativePosition>true</RelativePosition>
	<Location>
		<X>10</X>
		<Y>220</Y>
	</Location>
	<Size>
		<CX>110</CX>
		<CY>20</CY>
	</Size>
	<Text></Text>
	<NoWrap>true</NoWrap>
  </Label>
  <Label item = "IDW_Row11Col1Value">
	<ScreenID>IDW_Row11Col1Value</ScreenID>
	<RelativePosition>true</RelativePosition>
	<Location>
		<X>10</X>
		<Y>220</Y>
	</Location>
	<Size>
		<CX>110</CX>
		<CY>20</CY>
	</Size>
	<Text></Text>
	<NoWrap>true</NoWrap>
	<AlignRight>true</AlignRight>
  </Label>
  
  <Label item = "IDW_Row12Col1Stat">
	<ScreenID>IDW_Row12Col1Stat</ScreenID>
	<RelativePosition>true</RelativePosition>
	<Location>
		<X>10</X>
		<Y>236</Y>
	</Location>
	<Size>
		<CX>110</CX>
		<CY>20</CY>
	</Size>
	<Text></Text>
	<NoWrap>true</NoWrap>
  </Label>
  <Label item = "IDW_Row12Col1Value">
	<ScreenID>IDW_Row12Col1Value</ScreenID>
	<RelativePosition>true</RelativePosition>
	<Location>
		<X>10</X>
		<Y>236</Y>
	</Location>
	<Size>
		<CX>110</CX>
		<CY>20</CY>
	</Size>
	<Text></Text>
	<NoWrap>true</NoWrap>
	<AlignRight>true</AlignRight>
  </Label>
  
  <Label item = "IDW_Row13Col1Stat">
	<ScreenID>IDW_Row13Col1Stat</ScreenID>
	<RelativePosition>true</RelativePosition>
	<Location>
		<X>10</X>
		<Y>252</Y>
	</Location>
	<Size>
		<CX>110</CX>
		<CY>20</CY>
	</Size>
	<Text></Text>
	<NoWrap>true</NoWrap>
  </Label>
  <Label item = "IDW_Row13Col1Value">
	<ScreenID>IDW_Row13Col1Value</ScreenID>
	<RelativePosition>true</RelativePosition>
	<Location>
		<X>10</X>
		<Y>252</Y>
	</Location>
	<Size>
		<CX>110</CX>
		<CY>20</CY>
	</Size>
	<Text></Text>
	<NoWrap>true</NoWrap>
	<AlignRight>true</AlignRight>
  </Label>
  
  <Label item = "IDW_Row14Col1Stat">
	<ScreenID>IDW_Row14Col1Stat</ScreenID>
	<RelativePosition>true</RelativePosition>
	<Location>
		<X>10</X>
		<Y>268</Y>
	</Location>
	<Size>
		<CX>110</CX>
		<CY>20</CY>
	</Size>
	<Text></Text>
	<NoWrap>true</NoWrap>
  </Label>
  <Label item = "IDW_Row14Col1Value">
	<ScreenID>IDW_Row14Col1Value</ScreenID>
	<RelativePosition>true</RelativePosition>
	<Location>
		<X>10</X>
		<Y>268</Y>
	</Location>
	<Size>
		<CX>110</CX>
		<CY>20</CY>
	</Size>
	<Text></Text>
	<NoWrap>true</NoWrap>
	<AlignRight>true</AlignRight>
  </Label>
  
  <Label item = "IDW_Row15Col1Stat">
	<ScreenID>IDW_Row15Col1Stat</ScreenID>
	<RelativePosition>true</RelativePosition>
	<Location>
		<X>10</X>
		<Y>284</Y>
	</Location>
	<Size>
		<CX>110</CX>
		<CY>20</CY>
	</Size>
	<Text></Text>
	<NoWrap>true</NoWrap>
  </Label>
  <Label item = "IDW_Row15Col1Value">
	<ScreenID>IDW_Row15Col1Value</ScreenID>
	<RelativePosition>true</RelativePosition>
	<Location>
		<X>10</X>
		<Y>284</Y>
	</Location>
	<Size>
		<CX>110</CX>
		<CY>20</CY>
	</Size>
	<Text></Text>
	<NoWrap>true</NoWrap>
	<AlignRight>true</AlignRight>
  </Label>
  
  <Label item = "IDW_Row16Col1Stat">
	<ScreenID>IDW_Row16Col1Stat</ScreenID>
	<RelativePosition>true</RelativePosition>
	<Location>
		<X>10</X>
		<Y>300</Y>
	</Location>
	<Size>
		<CX>110</CX>
		<CY>20</CY>
	</Size>
	<Text></Text>
	<NoWrap>true</NoWrap>
  </Label>
  <Label item = "IDW_Row16Col1Value">
	<ScreenID>IDW_Row16Col1Value</ScreenID>
	<RelativePosition>true</RelativePosition>
	<Location>
		<X>10</X>
		<Y>300</Y>
	</Location>
	<Size>
		<CX>110</CX>
		<CY>20</CY>
	</Size>
	<Text></Text>
	<NoWrap>true</NoWrap>
	<AlignRight>true</AlignRight>
  </Label>
  <Label item = "IDW_Row17Col1Stat">
	<ScreenID>IDW_Row17Col1Stat</ScreenID>
	<RelativePosition>true</RelativePosition>
	<Location>
		<X>10</X>
		<Y>316</Y>
	</Location>
	<Size>
		<CX>110</CX>
		<CY>20</CY>
	</Size>
	<Text></Text>
	<NoWrap>true</NoWrap>
  </Label>
  <Label item = "IDW_Row17Col1Value">
	<ScreenID>IDW_Row17Col1Value</ScreenID>
	<RelativePosition>true</RelativePosition>
	<Location>
		<X>10</X>
		<Y>316</Y>
	</Location>
	<Size>
		<CX>110</CX>
		<CY>20</CY>
	</Size>
	<Text></Text>
	<NoWrap>true</NoWrap>
	<AlignRight>true</AlignRight>
  </Label>
  <Label item = "IDW_Row18Col1Stat">
	<ScreenID>IDW_Row18Col1Stat</ScreenID>
	<RelativePosition>true</RelativePosition>
	<Location>
		<X>10</X>
		<Y>332</Y>
	</Location>
	<Size>
		<CX>110</CX>
		<CY>20</CY>
	</Size>
	<Text></Text>
	<NoWrap>true</NoWrap>
  </Label>
  <Label item = "IDW_Row18Col1Value">
	<ScreenID>IDW_Row18Col1Value</ScreenID>
	<RelativePosition>true</RelativePosition>
	<Location>
		<X>10</X>
		<Y>332</Y>
	</Location>
	<Size>
		<CX>110</CX>
		<CY>20</CY>
	</Size>
	<Text></Text>
	<NoWrap>true</NoWrap>
	<AlignRight>true</AlignRight>
  </Label>
  <Label item = "IDW_Row19Col1Stat">
	<ScreenID>IDW_Row19Col1Stat</ScreenID>
	<RelativePosition>true</RelativePosition>
	<Location>
		<X>10</X>
		<Y>348</Y>
	</Location>
	<Size>
		<CX>110</CX>
		<CY>20</CY>
	</Size>
	<Text></Text>
	<NoWrap>true</NoWrap>
  </Label>
  <Label item = "IDW_Row19Col1Value">
	<ScreenID>IDW_Row19Col1Value</ScreenID>
	<RelativePosition>true</RelativePosition>
	<Location>
		<X>10</X>
		<Y>348</Y>
	</Location>
	<Size>
		<CX>110</CX>
		<CY>20</CY>
	</Size>
	<Text></Text>
	<NoWrap>true</NoWrap>
	<AlignRight>true</AlignRight>
  </Label>
  <Label item = "IDW_Row20Col1Stat">
	<ScreenID>IDW_Row20Col1Stat</ScreenID>
	<RelativePosition>true</RelativePosition>
	<Location>
		<X>10</X>
		<Y>364</Y>
	</Location>
	<Size>
		<CX>110</CX>
		<CY>20</CY>
	</Size>
	<Text></Text>
	<NoWrap>true</NoWrap>
  </Label>
  <Label item = "IDW_Row20Col1Value">
	<ScreenID>IDW_Row20Col1Value</ScreenID>
	<RelativePosition>true</RelativePosition>
	<Location>
		<X>10</X>
		<Y>364</Y>
	</Location>
	<Size>
		<CX>110</CX>
		<CY>20</CY>
	</Size>
	<Text></Text>
	<NoWrap>true</NoWrap>
	<AlignRight>true</AlignRight>
  </Label>
  <Label item = "IDW_Row21Col1Stat">
	<ScreenID>IDW_Row21Col1Stat</ScreenID>
	<RelativePosition>true</RelativePosition>
	<Location>
		<X>10</X>
		<Y>380</Y>
	</Location>
	<Size>
		<CX>110</CX>
		<CY>20</CY>
	</Size>
	<Text></Text>
	<NoWrap>true</NoWrap>
  </Label>
  <Label item = "IDW_Row21Col1Value">
	<ScreenID>IDW_Row21Col1Value</ScreenID>
	<RelativePosition>true</RelativePosition>
	<Location>
		<X>10</X>
		<Y>380</Y>
	</Location>
	<Size>
		<CX>110</CX>
		<CY>20</CY>
	</Size>
	<Text></Text>
	<NoWrap>true</NoWrap>
	<AlignRight>true</AlignRight>
  </Label>
  <Label item = "IDW_Row22Col1Stat">
	<ScreenID>IDW_Row22Col1Stat</ScreenID>
	<RelativePosition>true</RelativePosition>
	<Location>
		<X>10</X>
		<Y>396</Y>
	</Location>
	<Size>
		<CX>110</CX>
		<CY>20</CY>
	</Size>
	<Text></Text>
	<NoWrap>true</NoWrap>
  </Label>
  <Label item = "IDW_Row22Col1Value">
	<ScreenID>IDW_Row22Col1Value</ScreenID>
	<RelativePosition>true</RelativePosition>
	<Location>
		<X>10</X>
		<Y>396</Y>
	</Location>
	<Size>
		<CX>110</CX>
		<CY>20</CY>
	</Size>
	<Text></Text>
	<NoWrap>true</NoWrap>
	<AlignRight>true</AlignRight>
  </Label>
  <Label item = "IDW_Row23Col1Stat">
	<ScreenID>IDW_Row23Col1Stat</ScreenID>
	<RelativePosition>true</RelativePosition>
	<Location>
		<X>10</X>
		<Y>412</Y>
	</Location>
	<Size>
		<CX>110</CX>
		<CY>20</CY>
	</Size>
	<Text></Text>
	<NoWrap>true</NoWrap>
  </Label>
  <Label item = "IDW_Row23Col1Value">
	<ScreenID>IDW_Row23Col1Value</ScreenID>
	<RelativePosition>true</RelativePosition>
	<Location>
		<X>10</X>
		<Y>412</Y>
	</Location>
	<Size>
		<CX>110</CX>
		<CY>20</CY>
	</Size>
	<Text></Text>
	<NoWrap>true</NoWrap>
	<AlignRight>true</AlignRight>
  </Label>
  <Label item = "IDW_Row24Col1Stat">
	<ScreenID>IDW_Row24Col1Stat</ScreenID>
	<RelativePosition>true</RelativePosition>
	<Location>
		<X>10</X>
		<Y>428</Y>
	</Location>
	<Size>
		<CX>110</CX>
		<CY>20</CY>
	</Size>
	<Text></Text>
	<NoWrap>true</NoWrap>
  </Label>
  <Label item = "IDW_Row24Col1Value">
	<ScreenID>IDW_Row24Col1Value</ScreenID>
	<RelativePosition>true</RelativePosition>
	<Location>
		<X>10</X>
		<Y>428</Y>
	</Location>
	<Size>
		<CX>110</CX>
		<CY>20</CY>
	</Size>
	<Text></Text>
	<NoWrap>true</NoWrap>
	<AlignRight>true</AlignRight>
  </Label>
  <Label item = "IDW_Row25Col1Stat">
	<ScreenID>IDW_Row25Col1Stat</ScreenID>
	<RelativePosition>true</RelativePosition>
	<Location>
		<X>10</X>
		<Y>444</Y>
	</Location>
	<Size>
		<CX>110</CX>
		<CY>20</CY>
	</Size>
	<Text></Text>
	<NoWrap>true</NoWrap>
  </Label>
  <Label item = "IDW_Row25Col1Value">
	<ScreenID>IDW_Row25Col1Value</ScreenID>
	<RelativePosition>true</RelativePosition>
	<Location>
		<X>10</X>
		<Y>444</Y>
	</Location>
	<Size>
		<CX>110</CX>
		<CY>20</CY>
	</Size>
	<Text></Text>
	<NoWrap>true</NoWrap>
	<AlignRight>true</AlignRight>
  </Label>
  <Label item = "IDW_Row26Col1Stat">
	<ScreenID>IDW_Row26Col1Stat</ScreenID>
	<RelativePosition>true</RelativePosition>
	<Location>
		<X>10</X>
		<Y>460</Y>
	</Location>
	<Size>
		<CX>110</CX>
		<CY>20</CY>
	</Size>
	<Text></Text>
	<NoWrap>true</NoWrap>
  </Label>
  <Label item = "IDW_Row26Col1Value">
	<ScreenID>IDW_Row26Col1Value</ScreenID>
	<RelativePosition>true</RelativePosition>
	<Location>
		<X>10</X>
		<Y>460</Y>
	</Location>
	<Size>
		<CX>110</CX>
		<CY>20</CY>
	</Size>
	<Text></Text>
	<NoWrap>true</NoWrap>
	<AlignRight>true</AlignRight>
  </Label>
  

  <Label item = "IDW_Row1Col2Stat">
	<ScreenID>IDW_Row1Col2Stat</ScreenID>
	<RelativePosition>true</RelativePosition>
	<Location>
		<X>140</X>
		<Y>60</Y>
	</Location>
	<Size>
		<CX>100</CX>
		<CY>20</CY>
	</Size>
	<Text></Text>
	<NoWrap>true</NoWrap>
  </Label>
  <Label item = "IDW_Row1Col2Value">
	<ScreenID>IDW_Row1Col2Value</ScreenID>
	<RelativePosition>true</RelativePosition>
	<Location>
		<X>140</X>
		<Y>60</Y>
	</Location>
	<Size>
		<CX>100</CX>
		<CY>20</CY>
	</Size>
	<Text></Text>
	<NoWrap>true</NoWrap>
	<AlignRight>true</AlignRight>
  </Label>
  
  <Label item = "IDW_Row2Col2Stat">
	<ScreenID>IDW_Row2Col2Stat</ScreenID>
	<RelativePosition>true</RelativePosition>
	<Location>
		<X>140</X>
		<Y>76</Y>
	</Location>
	<Size>
		<CX>100</CX>
		<CY>20</CY>
	</Size>
	<Text></Text>
	<NoWrap>true</NoWrap>
  </Label>
  <Label item = "IDW_Row2Col2Value">
	<ScreenID>IDW_Row2Col2Value</ScreenID>
	<RelativePosition>true</RelativePosition>
	<Location>
		<X>140</X>
		<Y>76</Y>
	</Location>
	<Size>
		<CX>100</CX>
		<CY>20</CY>
	</Size>
	<Text></Text>
	<NoWrap>true</NoWrap>
	<AlignRight>true</AlignRight>
  </Label>
  
  <Label item = "IDW_Row3Col2Stat">
	<ScreenID>IDW_Row3Col2Stat</ScreenID>
	<RelativePosition>true</RelativePosition>
	<Location>
		<X>140</X>
		<Y>92</Y>
	</Location>
	<Size>
		<CX>100</CX>
		<CY>20</CY>
	</Size>
	<Text></Text>
	<NoWrap>true</NoWrap>
  </Label>
  <Label item = "IDW_Row3Col2Value">
	<ScreenID>IDW_Row3Col2Value</ScreenID>
	<RelativePosition>true</RelativePosition>
	<Location>
		<X>140</X>
		<Y>92</Y>
	</Location>
	<Size>
		<CX>100</CX>
		<CY>20</CY>
	</Size>
	<Text></Text>
	<NoWrap>true</NoWrap>
	<AlignRight>true</AlignRight>
  </Label>
  
  <Label item = "IDW_Row4Col2Stat">
	<ScreenID>IDW_Row4Col2Stat</ScreenID>
	<RelativePosition>true</RelativePosition>
	<Location>
		<X>140</X>
		<Y>108</Y>
	</Location>
	<Size>
		<CX>100</CX>
		<CY>20</CY>
	</Size>
	<Text></Text>
	<NoWrap>true</NoWrap>
  </Label>
  <Label item = "IDW_Row4Col2Value">
	<ScreenID>IDW_Row4Col2Value</ScreenID>
	<RelativePosition>true</RelativePosition>
	<Location>
		<X>140</X>
		<Y>108</Y>
	</Location>
	<Size>
		<CX>100</CX>
		<CY>20</CY>
	</Size>
	<Text></Text>
	<NoWrap>true</NoWrap>
	<AlignRight>true</AlignRight>
  </Label>
  
  <Label item = "IDW_Row5Col2Stat">
	<ScreenID>IDW_Row5Col2Stat</ScreenID>
	<RelativePosition>true</RelativePosition>
	<Location>
		<X>140</X>
		<Y>124</Y>
	</Location>
	<Size>
		<CX>100</CX>
		<CY>20</CY>
	</Size>
	<Text></Text>
	<NoWrap>true</NoWrap>
  </Label>
  <Label item = "IDW_Row5Col2Value">
	<ScreenID>IDW_Row5Col2Value</ScreenID>
	<RelativePosition>true</RelativePosition>
	<Location>
		<X>140</X>
		<Y>124</Y>
	</Location>
	<Size>
		<CX>100</CX>
		<CY>20</CY>
	</Size>
	<Text></Text>
	<NoWrap>true</NoWrap>
	<AlignRight>true</AlignRight>
  </Label>
  
  <Label item = "IDW_Row6Col2Stat">
	<ScreenID>IDW_Row6Col2Stat</ScreenID>
	<RelativePosition>true</RelativePosition>
	<Location>
		<X>140</X>
		<Y>140</Y>
	</Location>
	<Size>
		<CX>100</CX>
		<CY>20</CY>
	</Size>
	<Text></Text>
	<NoWrap>true</NoWrap>
  </Label>
  <Label item = "IDW_Row6Col2Value">
	<ScreenID>IDW_Row6Col2Value</ScreenID>
	<RelativePosition>true</RelativePosition>
	<Location>
		<X>140</X>
		<Y>140</Y>
	</Location>
	<Size>
		<CX>100</CX>
		<CY>20</CY>
	</Size>
	<Text></Text>
	<NoWrap>true</NoWrap>
	<AlignRight>true</AlignRight>
  </Label>
  
  <Label item = "IDW_Row7Col2Stat">
	<ScreenID>IDW_Row7Col2Stat</ScreenID>
	<RelativePosition>true</RelativePosition>
	<Location>
		<X>140</X>
		<Y>156</Y>
	</Location>
	<Size>
		<CX>100</CX>
		<CY>20</CY>
	</Size>
	<Text></Text>
	<NoWrap>true</NoWrap>
  </Label>
  <Label item = "IDW_Row7Col2Value">
	<ScreenID>IDW_Row7Col2Value</ScreenID>
	<RelativePosition>true</RelativePosition>
	<Location>
		<X>140</X>
		<Y>156</Y>
	</Location>
	<Size>
		<CX>100</CX>
		<CY>20</CY>
	</Size>
	<Text></Text>
	<NoWrap>true</NoWrap>
	<AlignRight>true</AlignRight>
  </Label>
  
  <Label item = "IDW_Row8Col2Stat">
	<ScreenID>IDW_Row8Col2Stat</ScreenID>
	<RelativePosition>true</RelativePosition>
	<Location>
		<X>140</X>
		<Y>172</Y>
	</Location>
	<Size>
		<CX>100</CX>
		<CY>20</CY>
	</Size>
	<Text></Text>
	<NoWrap>true</NoWrap>
  </Label>
  <Label item = "IDW_Row8Col2Value">
	<ScreenID>IDW_Row8Col2Value</ScreenID>
	<RelativePosition>true</RelativePosition>
	<Location>
		<X>140</X>
		<Y>172</Y>
	</Location>
	<Size>
		<CX>100</CX>
		<CY>20</CY>
	</Size>
	<Text></Text>
	<NoWrap>true</NoWrap>
	<AlignRight>true</AlignRight>
  </Label>
  
  <Label item = "IDW_Row9Col2Stat">
	<ScreenID>IDW_Row9Col2Stat</ScreenID>
	<RelativePosition>true</RelativePosition>
	<Location>
		<X>140</X>
		<Y>188</Y>
	</Location>
	<Size>
		<CX>100</CX>
		<CY>20</CY>
	</Size>
	<Text></Text>
	<NoWrap>true</NoWrap>
  </Label>
  <Label item = "IDW_Row9Col2Value">
	<ScreenID>IDW_Row9Col2Value</ScreenID>
	<RelativePosition>true</RelativePosition>
	<Location>
		<X>140</X>
		<Y>188</Y>
	</Location>
	<Size>
		<CX>100</CX>
		<CY>20</CY>
	</Size>
	<Text></Text>
	<NoWrap>true</NoWrap>
	<AlignRight>true</AlignRight>
  </Label>
  
  <Label item = "IDW_Row10Col2Stat">
	<ScreenID>IDW_Row10Col2Stat</ScreenID>
	<RelativePosition>true</RelativePosition>
	<Location>
		<X>140</X>
		<Y>204</Y>
	</Location>
	<Size>
		<CX>100</CX>
		<CY>20</CY>
	</Size>
	<Text></Text>
	<NoWrap>true</NoWrap>
  </Label>
  <Label item = "IDW_Row10Col2Value">
	<ScreenID>IDW_Row10Col2Value</ScreenID>
	<RelativePosition>true</RelativePosition>
	<Location>
		<X>140</X>
		<Y>204</Y>
	</Location>
	<Size>
		<CX>100</CX>
		<CY>20</CY>
	</Size>
	<Text></Text>
	<NoWrap>true</NoWrap>
	<AlignRight>true</AlignRight>
  </Label>
  
  <Label item = "IDW_Row11Col2Stat">
	<ScreenID>IDW_Row11Col2Stat</ScreenID>
	<RelativePosition>true</RelativePosition>
	<Location>
		<X>140</X>
		<Y>220</Y>
	</Location>
	<Size>
		<CX>100</CX>
		<CY>20</CY>
	</Size>
	<Text></Text>
	<NoWrap>true</NoWrap>
  </Label>
  <Label item = "IDW_Row11Col2Value">
	<ScreenID>IDW_Row11Col2Value</ScreenID>
	<RelativePosition>true</RelativePosition>
	<Location>
		<X>140</X>
		<Y>220</Y>
	</Location>
	<Size>
		<CX>100</CX>
		<CY>20</CY>
	</Size>
	<Text></Text>
	<NoWrap>true</NoWrap>
	<AlignRight>true</AlignRight>
  </Label>
  
  <Label item = "IDW_Row12Col2Stat">
	<ScreenID>IDW_Row12Col2Stat</ScreenID>
	<RelativePosition>true</RelativePosition>
	<Location>
		<X>140</X>
		<Y>236</Y>
	</Location>
	<Size>
		<CX>100</CX>
		<CY>20</CY>
	</Size>
	<Text></Text>
	<NoWrap>true</NoWrap>
  </Label>
  <Label item = "IDW_Row12Col2Value">
	<ScreenID>IDW_Row12Col2Value</ScreenID>
	<RelativePosition>true</RelativePosition>
	<Location>
		<X>140</X>
		<Y>236</Y>
	</Location>
	<Size>
		<CX>100</CX>
		<CY>20</CY>
	</Size>
	<Text></Text>
	<NoWrap>true</NoWrap>
	<AlignRight>true</AlignRight>
  </Label>
  
  <Label item = "IDW_Row13Col2Stat">
	<ScreenID>IDW_Row13Col2Stat</ScreenID>
	<RelativePosition>true</RelativePosition>
	<Location>
		<X>140</X>
		<Y>252</Y>
	</Location>
	<Size>
		<CX>100</CX>
		<CY>20</CY>
	</Size>
	<Text></Text>
	<NoWrap>true</NoWrap>
  </Label>
  <Label item = "IDW_Row13Col2Value">
	<ScreenID>IDW_Row13Col2Value</ScreenID>
	<RelativePosition>true</RelativePosition>
	<Location>
		<X>140</X>
		<Y>252</Y>
	</Location>
	<Size>
		<CX>100</CX>
		<CY>20</CY>
	</Size>
	<Text></Text>
	<NoWrap>true</NoWrap>
	<AlignRight>true</AlignRight>
  </Label>
  
  <Label item = "IDW_Row14Col2Stat">
	<ScreenID>IDW_Row14Col2Stat</ScreenID>
	<RelativePosition>true</RelativePosition>
	<Location>
		<X>140</X>
		<Y>268</Y>
	</Location>
	<Size>
		<CX>100</CX>
		<CY>20</CY>
	</Size>
	<Text></Text>
	<NoWrap>true</NoWrap>
  </Label>
  <Label item = "IDW_Row14Col2Value">
	<ScreenID>IDW_Row14Col2Value</ScreenID>
	<RelativePosition>true</RelativePosition>
	<Location>
		<X>140</X>
		<Y>268</Y>
	</Location>
	<Size>
		<CX>100</CX>
		<CY>20</CY>
	</Size>
	<Text></Text>
	<NoWrap>true</NoWrap>
	<AlignRight>true</AlignRight>
  </Label>
  
  <Label item = "IDW_Row15Col2Stat">
	<ScreenID>IDW_Row15Col2Stat</ScreenID>
	<RelativePosition>true</RelativePosition>
	<Location>
		<X>140</X>
		<Y>284</Y>
	</Location>
	<Size>
		<CX>100</CX>
		<CY>20</CY>
	</Size>
	<Text></Text>
	<NoWrap>true</NoWrap>
  </Label>
  <Label item = "IDW_Row15Col2Value">
	<ScreenID>IDW_Row15Col2Value</ScreenID>
	<RelativePosition>true</RelativePosition>
	<Location>
		<X>140</X>
		<Y>284</Y>
	</Location>
	<Size>
		<CX>100</CX>
		<CY>20</CY>
	</Size>
	<Text></Text>
	<NoWrap>true</NoWrap>
	<AlignRight>true</AlignRight>
  </Label>
  
  <Label item = "IDW_Row16Col2Stat">
	<ScreenID>IDW_Row16Col2Stat</ScreenID>
	<RelativePosition>true</RelativePosition>
	<Location>
		<X>140</X>
		<Y>300</Y>
	</Location>
	<Size>
		<CX>100</CX>
		<CY>20</CY>
	</Size>
	<Text></Text>
	<NoWrap>true</NoWrap>
  </Label>
  <Label item = "IDW_Row16Col2Value">
	<ScreenID>IDW_Row16Col2Value</ScreenID>
	<RelativePosition>true</RelativePosition>
	<Location>
		<X>140</X>
		<Y>300</Y>
	</Location>
	<Size>
		<CX>100</CX>
		<CY>20</CY>
	</Size>
	<Text></Text>
	<NoWrap>true</NoWrap>
	<AlignRight>true</AlignRight>
  </Label>
  <Label item = "IDW_Row17Col2Stat">
	<ScreenID>IDW_Row17Col2Stat</ScreenID>
	<RelativePosition>true</RelativePosition>
	<Location>
		<X>140</X>
		<Y>316</Y>
	</Location>
	<Size>
		<CX>100</CX>
		<CY>20</CY>
	</Size>
	<Text></Text>
	<NoWrap>true</NoWrap>
  </Label>
  <Label item = "IDW_Row17Col2Value">
	<ScreenID>IDW_Row17Col2Value</ScreenID>
	<RelativePosition>true</RelativePosition>
	<Location>
		<X>140</X>
		<Y>316</Y>
	</Location>
	<Size>
		<CX>100</CX>
		<CY>20</CY>
	</Size>
	<Text></Text>
	<NoWrap>true</NoWrap>
	<AlignRight>true</AlignRight>
  </Label>
  <Label item = "IDW_Row18Col2Stat">
	<ScreenID>IDW_Row18Col2Stat</ScreenID>
	<RelativePosition>true</RelativePosition>
	<Location>
		<X>140</X>
		<Y>332</Y>
	</Location>
	<Size>
		<CX>100</CX>
		<CY>20</CY>
	</Size>
	<Text></Text>
	<NoWrap>true</NoWrap>
  </Label>
  <Label item = "IDW_Row18Col2Value">
	<ScreenID>IDW_Row18Col2Value</ScreenID>
	<RelativePosition>true</RelativePosition>
	<Location>
		<X>140</X>
		<Y>332</Y>
	</Location>
	<Size>
		<CX>100</CX>
		<CY>20</CY>
	</Size>
	<Text></Text>
	<NoWrap>true</NoWrap>
	<AlignRight>true</AlignRight>
  </Label>
  <Label item = "IDW_Row19Col2Stat">
	<ScreenID>IDW_Row19Col2Stat</ScreenID>
	<RelativePosition>true</RelativePosition>
	<Location>
		<X>140</X>
		<Y>348</Y>
	</Location>
	<Size>
		<CX>100</CX>
		<CY>20</CY>
	</Size>
	<Text></Text>
	<NoWrap>true</NoWrap>
  </Label>
  <Label item = "IDW_Row19Col2Value">
	<ScreenID>IDW_Row19Col2Value</ScreenID>
	<RelativePosition>true</RelativePosition>
	<Location>
		<X>140</X>
		<Y>348</Y>
	</Location>
	<Size>
		<CX>100</CX>
		<CY>20</CY>
	</Size>
	<Text></Text>
	<NoWrap>true</NoWrap>
	<AlignRight>true</AlignRight>
  </Label>
  <Label item = "IDW_Row20Col2Stat">
	<ScreenID>IDW_Row20Col2Stat</ScreenID>
	<RelativePosition>true</RelativePosition>
	<Location>
		<X>140</X>
		<Y>364</Y>
	</Location>
	<Size>
		<CX>100</CX>
		<CY>20</CY>
	</Size>
	<Text></Text>
	<NoWrap>true</NoWrap>
  </Label>
  <Label item = "IDW_Row20Col2Value">
	<ScreenID>IDW_Row20Col2Value</ScreenID>
	<RelativePosition>true</RelativePosition>
	<Location>
		<X>140</X>
		<Y>364</Y>
	</Location>
	<Size>
		<CX>100</CX>
		<CY>20</CY>
	</Size>
	<Text></Text>
	<NoWrap>true</NoWrap>
	<AlignRight>true</AlignRight>
  </Label>
  <Label item = "IDW_Row21Col2Stat">
	<ScreenID>IDW_Row21Col2Stat</ScreenID>
	<RelativePosition>true</RelativePosition>
	<Location>
		<X>140</X>
		<Y>380</Y>
	</Location>
	<Size>
		<CX>100</CX>
		<CY>20</CY>
	</Size>
	<Text></Text>
	<NoWrap>true</NoWrap>
  </Label>
  <Label item = "IDW_Row21Col2Value">
	<ScreenID>IDW_Row21Col2Value</ScreenID>
	<RelativePosition>true</RelativePosition>
	<Location>
		<X>140</X>
		<Y>380</Y>
	</Location>
	<Size>
		<CX>100</CX>
		<CY>20</CY>
	</Size>
	<Text></Text>
	<NoWrap>true</NoWrap>
	<AlignRight>true</AlignRight>
  </Label>
  <Label item = "IDW_Row22Col2Stat">
	<ScreenID>IDW_Row22Col2Stat</ScreenID>
	<RelativePosition>true</RelativePosition>
	<Location>
		<X>140</X>
		<Y>396</Y>
	</Location>
	<Size>
		<CX>100</CX>
		<CY>20</CY>
	</Size>
	<Text></Text>
	<NoWrap>true</NoWrap>
  </Label>
  <Label item = "IDW_Row22Col2Value">
	<ScreenID>IDW_Row22Col2Value</ScreenID>
	<RelativePosition>true</RelativePosition>
	<Location>
		<X>140</X>
		<Y>396</Y>
	</Location>
	<Size>
		<CX>100</CX>
		<CY>20</CY>
	</Size>
	<Text></Text>
	<NoWrap>true</NoWrap>
	<AlignRight>true</AlignRight>
  </Label>
  <Label item = "IDW_Row23Col2Stat">
	<ScreenID>IDW_Row23Col2Stat</ScreenID>
	<RelativePosition>true</RelativePosition>
	<Location>
		<X>140</X>
		<Y>412</Y>
	</Location>
	<Size>
		<CX>100</CX>
		<CY>20</CY>
	</Size>
	<Text></Text>
	<NoWrap>true</NoWrap>
  </Label>
  <Label item = "IDW_Row23Col2Value">
	<ScreenID>IDW_Row23Col2Value</ScreenID>
	<RelativePosition>true</RelativePosition>
	<Location>
		<X>140</X>
		<Y>412</Y>
	</Location>
	<Size>
		<CX>100</CX>
		<CY>20</CY>
	</Size>
	<Text></Text>
	<NoWrap>true</NoWrap>
	<AlignRight>true</AlignRight>
  </Label>
  <Label item = "IDW_Row24Col2Stat">
	<ScreenID>IDW_Row24Col2Stat</ScreenID>
	<RelativePosition>true</RelativePosition>
	<Location>
		<X>140</X>
		<Y>428</Y>
	</Location>
	<Size>
		<CX>100</CX>
		<CY>20</CY>
	</Size>
	<Text></Text>
	<NoWrap>true</NoWrap>
  </Label>
  <Label item = "IDW_Row24Col2Value">
	<ScreenID>IDW_Row24Col2Value</ScreenID>
	<RelativePosition>true</RelativePosition>
	<Location>
		<X>140</X>
		<Y>428</Y>
	</Location>
	<Size>
		<CX>100</CX>
		<CY>20</CY>
	</Size>
	<Text></Text>
	<NoWrap>true</NoWrap>
	<AlignRight>true</AlignRight>
  </Label>
  <Label item = "IDW_Row25Col2Stat">
	<ScreenID>IDW_Row25Col2Stat</ScreenID>
	<RelativePosition>true</RelativePosition>
	<Location>
		<X>140</X>
		<Y>444</Y>
	</Location>
	<Size>
		<CX>100</CX>
		<CY>20</CY>
	</Size>
	<Text></Text>
	<NoWrap>true</NoWrap>
  </Label>
  <Label item = "IDW_Row25Col2Value">
	<ScreenID>IDW_Row25Col2Value</ScreenID>
	<RelativePosition>true</RelativePosition>
	<Location>
		<X>140</X>
		<Y>444</Y>
	</Location>
	<Size>
		<CX>100</CX>
		<CY>20</CY>
	</Size>
	<Text></Text>
	<NoWrap>true</NoWrap>
	<AlignRight>true</AlignRight>
  </Label>
  <Label item = "IDW_Row26Col2Stat">
	<ScreenID>IDW_Row26Col2Stat</ScreenID>
	<RelativePosition>true</RelativePosition>
	<Location>
		<X>140</X>
		<Y>460</Y>
	</Location>
	<Size>
		<CX>100</CX>
		<CY>20</CY>
	</Size>
	<Text></Text>
	<NoWrap>true</NoWrap>
  </Label>
  <Label item = "IDW_Row26Col2Value">
	<ScreenID>IDW_Row26Col2Value</ScreenID>
	<RelativePosition>true</RelativePosition>
	<Location>
		<X>140</X>
		<Y>460</Y>
	</Location>
	<Size>
		<CX>100</CX>
		<CY>20</CY>
	</Size>
	<Text></Text>
	<NoWrap>true</NoWrap>
	<AlignRight>true</AlignRight>
  </Label>
  
  <Label item = "IDW_Row1Col3Stat">
	<ScreenID>IDW_Row1Col3Stat</ScreenID>
	<RelativePosition>true</RelativePosition>
	<Location>
		<X>260</X>
		<Y>60</Y>
	</Location>
	<Size>
		<CX>100</CX>
		<CY>20</CY>
	</Size>
	<Text></Text>
	<NoWrap>true</NoWrap>
  </Label>
  <Label item = "IDW_Row1Col3Value">
	<ScreenID>IDW_Row1Col3Value</ScreenID>
	<RelativePosition>true</RelativePosition>
	<Location>
		<X>260</X>
		<Y>60</Y>
	</Location>
	<Size>
		<CX>100</CX>
		<CY>20</CY>
	</Size>
	<Text></Text>
	<NoWrap>true</NoWrap>
	<AlignRight>true</AlignRight>
  </Label>
  
  <Label item = "IDW_Row2Col3Stat">
	<ScreenID>IDW_Row2Col3Stat</ScreenID>
	<RelativePosition>true</RelativePosition>
	<Location>
		<X>260</X>
		<Y>76</Y>
	</Location>
	<Size>
		<CX>100</CX>
		<CY>20</CY>
	</Size>
	<Text></Text>
	<NoWrap>true</NoWrap>
  </Label>
  <Label item = "IDW_Row2Col3Value">
	<ScreenID>IDW_Row2Col3Value</ScreenID>
	<RelativePosition>true</RelativePosition>
	<Location>
		<X>260</X>
		<Y>76</Y>
	</Location>
	<Size>
		<CX>100</CX>
		<CY>20</CY>
	</Size>
	<Text></Text>
	<NoWrap>true</NoWrap>
	<AlignRight>true</AlignRight>
  </Label>
  
  <Label item = "IDW_Row3Col3Stat">
	<ScreenID>IDW_Row3Col3Stat</ScreenID>
	<RelativePosition>true</RelativePosition>
	<Location>
		<X>260</X>
		<Y>92</Y>
	</Location>
	<Size>
		<CX>100</CX>
		<CY>20</CY>
	</Size>
	<Text></Text>
	<NoWrap>true</NoWrap>
  </Label>
  <Label item = "IDW_Row3Col3Value">
	<ScreenID>IDW_Row3Col3Value</ScreenID>
	<RelativePosition>true</RelativePosition>
	<Location>
		<X>260</X>
		<Y>92</Y>
	</Location>
	<Size>
		<CX>100</CX>
		<CY>20</CY>
	</Size>
	<Text></Text>
	<NoWrap>true</NoWrap>
	<AlignRight>true</AlignRight>
  </Label>
  
  <Label item = "IDW_Row4Col3Stat">
	<ScreenID>IDW_Row4Col3Stat</ScreenID>
	<RelativePosition>true</RelativePosition>
	<Location>
		<X>260</X>
		<Y>108</Y>
	</Location>
	<Size>
		<CX>100</CX>
		<CY>20</CY>
	</Size>
	<Text></Text>
	<NoWrap>true</NoWrap>
  </Label>
  <Label item = "IDW_Row4Col3Value">
	<ScreenID>IDW_Row4Col3Value</ScreenID>
	<RelativePosition>true</RelativePosition>
	<Location>
		<X>260</X>
		<Y>108</Y>
	</Location>
	<Size>
		<CX>100</CX>
		<CY>20</CY>
	</Size>
	<Text></Text>
	<NoWrap>true</NoWrap>
	<AlignRight>true</AlignRight>
  </Label>
  
  <Label item = "IDW_Row5Col3Stat">
	<ScreenID>IDW_Row5Col3Stat</ScreenID>
	<RelativePosition>true</RelativePosition>
	<Location>
		<X>260</X>
		<Y>124</Y>
	</Location>
	<Size>
		<CX>100</CX>
		<CY>20</CY>
	</Size>
	<Text></Text>
	<NoWrap>true</NoWrap>
  </Label>
  <Label item = "IDW_Row5Col3Value">
	<ScreenID>IDW_Row5Col3Value</ScreenID>
	<RelativePosition>true</RelativePosition>
	<Location>
		<X>260</X>
		<Y>124</Y>
	</Location>
	<Size>
		<CX>100</CX>
		<CY>20</CY>
	</Size>
	<Text></Text>
	<NoWrap>true</NoWrap>
	<AlignRight>true</AlignRight>
  </Label>
  
  <Label item = "IDW_Row6Col3Stat">
	<ScreenID>IDW_Row6Col3Stat</ScreenID>
	<RelativePosition>true</RelativePosition>
	<Location>
		<X>260</X>
		<Y>140</Y>
	</Location>
	<Size>
		<CX>100</CX>
		<CY>20</CY>
	</Size>
	<Text></Text>
	<NoWrap>true</NoWrap>
  </Label>
  <Label item = "IDW_Row6Col3Value">
	<ScreenID>IDW_Row6Col3Value</ScreenID>
	<RelativePosition>true</RelativePosition>
	<Location>
		<X>260</X>
		<Y>140</Y>
	</Location>
	<Size>
		<CX>100</CX>
		<CY>20</CY>
	</Size>
	<Text></Text>
	<NoWrap>true</NoWrap>
	<AlignRight>true</AlignRight>
  </Label>
  
  <Label item = "IDW_Row7Col3Stat">
	<ScreenID>IDW_Row7Col3Stat</ScreenID>
	<RelativePosition>true</RelativePosition>
	<Location>
		<X>260</X>
		<Y>156</Y>
	</Location>
	<Size>
		<CX>100</CX>
		<CY>20</CY>
	</Size>
	<Text></Text>
	<NoWrap>true</NoWrap>
  </Label>
  <Label item = "IDW_Row7Col3Value">
	<ScreenID>IDW_Row7Col3Value</ScreenID>
	<RelativePosition>true</RelativePosition>
	<Location>
		<X>260</X>
		<Y>156</Y>
	</Location>
	<Size>
		<CX>100</CX>
		<CY>20</CY>
	</Size>
	<Text></Text>
	<NoWrap>true</NoWrap>
	<AlignRight>true</AlignRight>
  </Label>
  
  <Label item = "IDW_Row8Col3Stat">
	<ScreenID>IDW_Row8Col3Stat</ScreenID>
	<RelativePosition>true</RelativePosition>
	<Location>
		<X>260</X>
		<Y>172</Y>
	</Location>
	<Size>
		<CX>100</CX>
		<CY>20</CY>
	</Size>
	<Text></Text>
	<NoWrap>true</NoWrap>
  </Label>
  <Label item = "IDW_Row8Col3Value">
	<ScreenID>IDW_Row8Col3Value</ScreenID>
	<RelativePosition>true</RelativePosition>
	<Location>
		<X>260</X>
		<Y>172</Y>
	</Location>
	<Size>
		<CX>100</CX>
		<CY>20</CY>
	</Size>
	<Text></Text>
	<NoWrap>true</NoWrap>
	<AlignRight>true</AlignRight>
  </Label>
  
  <Label item = "IDW_Row9Col3Stat">
	<ScreenID>IDW_Row9Col3Stat</ScreenID>
	<RelativePosition>true</RelativePosition>
	<Location>
		<X>260</X>
		<Y>188</Y>
	</Location>
	<Size>
		<CX>100</CX>
		<CY>20</CY>
	</Size>
	<Text></Text>
	<NoWrap>true</NoWrap>
  </Label>
  <Label item = "IDW_Row9Col3Value">
	<ScreenID>IDW_Row9Col3Value</ScreenID>
	<RelativePosition>true</RelativePosition>
	<Location>
		<X>260</X>
		<Y>188</Y>
	</Location>
	<Size>
		<CX>100</CX>
		<CY>20</CY>
	</Size>
	<Text></Text>
	<NoWrap>true</NoWrap>
	<AlignRight>true</AlignRight>
  </Label>
  
  <Label item = "IDW_Row10Col3Stat">
	<ScreenID>IDW_Row10Col3Stat</ScreenID>
	<RelativePosition>true</RelativePosition>
	<Location>
		<X>260</X>
		<Y>204</Y>
	</Location>
	<Size>
		<CX>100</CX>
		<CY>20</CY>
	</Size>
	<Text></Text>
	<NoWrap>true</NoWrap>
  </Label>
  <Label item = "IDW_Row10Col3Value">
	<ScreenID>IDW_Row10Col3Value</ScreenID>
	<RelativePosition>true</RelativePosition>
	<Location>
		<X>260</X>
		<Y>204</Y>
	</Location>
	<Size>
		<CX>100</CX>
		<CY>20</CY>
	</Size>
	<Text></Text>
	<NoWrap>true</NoWrap>
	<AlignRight>true</AlignRight>
  </Label>
  
  <Label item = "IDW_Row11Col3Stat">
	<ScreenID>IDW_Row11Col3Stat</ScreenID>
	<RelativePosition>true</RelativePosition>
	<Location>
		<X>260</X>
		<Y>220</Y>
	</Location>
	<Size>
		<CX>100</CX>
		<CY>20</CY>
	</Size>
	<Text></Text>
	<NoWrap>true</NoWrap>
  </Label>
  <Label item = "IDW_Row11Col3Value">
	<ScreenID>IDW_Row11Col3Value</ScreenID>
	<RelativePosition>true</RelativePosition>
	<Location>
		<X>260</X>
		<Y>220</Y>
	</Location>
	<Size>
		<CX>100</CX>
		<CY>20</CY>
	</Size>
	<Text></Text>
	<NoWrap>true</NoWrap>
	<AlignRight>true</AlignRight>
  </Label>
  
  <Label item = "IDW_Row12Col3Stat">
	<ScreenID>IDW_Row12Col3Stat</ScreenID>
	<RelativePosition>true</RelativePosition>
	<Location>
		<X>260</X>
		<Y>236</Y>
	</Location>
	<Size>
		<CX>100</CX>
		<CY>20</CY>
	</Size>
	<Text></Text>
	<NoWrap>true</NoWrap>
  </Label>
  <Label item = "IDW_Row12Col3Value">
	<ScreenID>IDW_Row12Col3Value</ScreenID>
	<RelativePosition>true</RelativePosition>
	<Location>
		<X>260</X>
		<Y>236</Y>
	</Location>
	<Size>
		<CX>100</CX>
		<CY>20</CY>
	</Size>
	<Text></Text>
	<NoWrap>true</NoWrap>
	<AlignRight>true</AlignRight>
  </Label>
  
  <Label item = "IDW_Row13Col3Stat">
	<ScreenID>IDW_Row13Col3Stat</ScreenID>
	<RelativePosition>true</RelativePosition>
	<Location>
		<X>260</X>
		<Y>252</Y>
	</Location>
	<Size>
		<CX>100</CX>
		<CY>20</CY>
	</Size>
	<Text></Text>
	<NoWrap>true</NoWrap>
  </Label>
  <Label item = "IDW_Row13Col3Value">
	<ScreenID>IDW_Row13Col3Value</ScreenID>
	<RelativePosition>true</RelativePosition>
	<Location>
		<X>260</X>
		<Y>252</Y>
	</Location>
	<Size>
		<CX>100</CX>
		<CY>20</CY>
	</Size>
	<Text></Text>
	<NoWrap>true</NoWrap>
	<AlignRight>true</AlignRight>
  </Label>
  
  <Label item = "IDW_Row14Col3Stat">
	<ScreenID>IDW_Row14Col3Stat</ScreenID>
	<RelativePosition>true</RelativePosition>
	<Location>
		<X>260</X>
		<Y>268</Y>
	</Location>
	<Size>
		<CX>100</CX>
		<CY>20</CY>
	</Size>
	<Text></Text>
	<NoWrap>true</NoWrap>
  </Label>
  <Label item = "IDW_Row14Col3Value">
	<ScreenID>IDW_Row14Col3Value</ScreenID>
	<RelativePosition>true</RelativePosition>
	<Location>
		<X>260</X>
		<Y>268</Y>
	</Location>
	<Size>
		<CX>100</CX>
		<CY>20</CY>
	</Size>
	<Text></Text>
	<NoWrap>true</NoWrap>
	<AlignRight>true</AlignRight>
  </Label>
  
  <Label item = "IDW_Row15Col3Stat">
	<ScreenID>IDW_Row15Col3Stat</ScreenID>
	<RelativePosition>true</RelativePosition>
	<Location>
		<X>260</X>
		<Y>284</Y>
	</Location>
	<Size>
		<CX>100</CX>
		<CY>20</CY>
	</Size>
	<Text></Text>
	<NoWrap>true</NoWrap>
  </Label>
  <Label item = "IDW_Row15Col3Value">
	<ScreenID>IDW_Row15Col3Value</ScreenID>
	<RelativePosition>true</RelativePosition>
	<Location>
		<X>260</X>
		<Y>284</Y>
	</Location>
	<Size>
		<CX>100</CX>
		<CY>20</CY>
	</Size>
	<Text></Text>
	<NoWrap>true</NoWrap>
	<AlignRight>true</AlignRight>
  </Label>
  
  <Label item = "IDW_Row16Col3Stat">
	<ScreenID>IDW_Row16Col3Stat</ScreenID>
	<RelativePosition>true</RelativePosition>
	<Location>
		<X>260</X>
		<Y>300</Y>
	</Location>
	<Size>
		<CX>100</CX>
		<CY>20</CY>
	</Size>
	<Text></Text>
	<NoWrap>true</NoWrap>
  </Label>
  <Label item = "IDW_Row16Col3Value">
	<ScreenID>IDW_Row16Col3Value</ScreenID>
	<RelativePosition>true</RelativePosition>
	<Location>
		<X>260</X>
		<Y>300</Y>
	</Location>
	<Size>
		<CX>100</CX>
		<CY>20</CY>
	</Size>
	<Text></Text>
	<NoWrap>true</NoWrap>
	<AlignRight>true</AlignRight>
  </Label>
  <Label item = "IDW_Row17Col3Stat">
	<ScreenID>IDW_Row17Col3Stat</ScreenID>
	<RelativePosition>true</RelativePosition>
	<Location>
		<X>260</X>
		<Y>316</Y>
	</Location>
	<Size>
		<CX>100</CX>
		<CY>20</CY>
	</Size>
	<Text></Text>
	<NoWrap>true</NoWrap>
  </Label>
  <Label item = "IDW_Row17Col3Value">
	<ScreenID>IDW_Row17Col3Value</ScreenID>
	<RelativePosition>true</RelativePosition>
	<Location>
		<X>260</X>
		<Y>316</Y>
	</Location>
	<Size>
		<CX>100</CX>
		<CY>20</CY>
	</Size>
	<Text></Text>
	<NoWrap>true</NoWrap>
	<AlignRight>true</AlignRight>
  </Label>
  <Label item = "IDW_Row18Col3Stat">
	<ScreenID>IDW_Row18Col3Stat</ScreenID>
	<RelativePosition>true</RelativePosition>
	<Location>
		<X>260</X>
		<Y>332</Y>
	</Location>
	<Size>
		<CX>100</CX>
		<CY>20</CY>
	</Size>
	<Text></Text>
	<NoWrap>true</NoWrap>
  </Label>
  <Label item = "IDW_Row18Col3Value">
	<ScreenID>IDW_Row18Col3Value</ScreenID>
	<RelativePosition>true</RelativePosition>
	<Location>
		<X>260</X>
		<Y>332</Y>
	</Location>
	<Size>
		<CX>100</CX>
		<CY>20</CY>
	</Size>
	<Text></Text>
	<NoWrap>true</NoWrap>
	<AlignRight>true</AlignRight>
  </Label>
  <Label item = "IDW_Row19Col3Stat">
	<ScreenID>IDW_Row19Col3Stat</ScreenID>
	<RelativePosition>true</RelativePosition>
	<Location>
		<X>260</X>
		<Y>348</Y>
	</Location>
	<Size>
		<CX>100</CX>
		<CY>20</CY>
	</Size>
	<Text></Text>
	<NoWrap>true</NoWrap>
  </Label>
  <Label item = "IDW_Row19Col3Value">
	<ScreenID>IDW_Row19Col3Value</ScreenID>
	<RelativePosition>true</RelativePosition>
	<Location>
		<X>260</X>
		<Y>348</Y>
	</Location>
	<Size>
		<CX>100</CX>
		<CY>20</CY>
	</Size>
	<Text></Text>
	<NoWrap>true</NoWrap>
	<AlignRight>true</AlignRight>
  </Label>
  <Label item = "IDW_Row20Col3Stat">
	<ScreenID>IDW_Row20Col3Stat</ScreenID>
	<RelativePosition>true</RelativePosition>
	<Location>
		<X>260</X>
		<Y>364</Y>
	</Location>
	<Size>
		<CX>100</CX>
		<CY>20</CY>
	</Size>
	<Text></Text>
	<NoWrap>true</NoWrap>
  </Label>
  <Label item = "IDW_Row20Col3Value">
	<ScreenID>IDW_Row20Col3Value</ScreenID>
	<RelativePosition>true</RelativePosition>
	<Location>
		<X>260</X>
		<Y>364</Y>
	</Location>
	<Size>
		<CX>100</CX>
		<CY>20</CY>
	</Size>
	<Text></Text>
	<NoWrap>true</NoWrap>
	<AlignRight>true</AlignRight>
  </Label>
  <Label item = "IDW_Row21Col3Stat">
	<ScreenID>IDW_Row21Col3Stat</ScreenID>
	<RelativePosition>true</RelativePosition>
	<Location>
		<X>260</X>
		<Y>380</Y>
	</Location>
	<Size>
		<CX>100</CX>
		<CY>20</CY>
	</Size>
	<Text></Text>
	<NoWrap>true</NoWrap>
  </Label>
  <Label item = "IDW_Row21Col3Value">
	<ScreenID>IDW_Row21Col3Value</ScreenID>
	<RelativePosition>true</RelativePosition>
	<Location>
		<X>260</X>
		<Y>380</Y>
	</Location>
	<Size>
		<CX>100</CX>
		<CY>20</CY>
	</Size>
	<Text></Text>
	<NoWrap>true</NoWrap>
	<AlignRight>true</AlignRight>
  </Label>
  <Label item = "IDW_Row22Col3Stat">
	<ScreenID>IDW_Row22Col3Stat</ScreenID>
	<RelativePosition>true</RelativePosition>
	<Location>
		<X>260</X>
		<Y>396</Y>
	</Location>
	<Size>
		<CX>100</CX>
		<CY>20</CY>
	</Size>
	<Text></Text>
	<NoWrap>true</NoWrap>
  </Label>
  <Label item = "IDW_Row22Col3Value">
	<ScreenID>IDW_Row22Col3Value</ScreenID>
	<RelativePosition>true</RelativePosition>
	<Location>
		<X>260</X>
		<Y>396</Y>
	</Location>
	<Size>
		<CX>100</CX>
		<CY>20</CY>
	</Size>
	<Text></Text>
	<NoWrap>true</NoWrap>
	<AlignRight>true</AlignRight>
  </Label>
  <Label item = "IDW_Row23Col3Stat">
	<ScreenID>IDW_Row23Col3Stat</ScreenID>
	<RelativePosition>true</RelativePosition>
	<Location>
		<X>260</X>
		<Y>412</Y>
	</Location>
	<Size>
		<CX>100</CX>
		<CY>20</CY>
	</Size>
	<Text></Text>
	<NoWrap>true</NoWrap>
  </Label>
  <Label item = "IDW_Row23Col3Value">
	<ScreenID>IDW_Row23Col3Value</ScreenID>
	<RelativePosition>true</RelativePosition>
	<Location>
		<X>260</X>
		<Y>412</Y>
	</Location>
	<Size>
		<CX>100</CX>
		<CY>20</CY>
	</Size>
	<Text></Text>
	<NoWrap>true</NoWrap>
	<AlignRight>true</AlignRight>
  </Label>
  <Label item = "IDW_Row24Col3Stat">
	<ScreenID>IDW_Row24Col3Stat</ScreenID>
	<RelativePosition>true</RelativePosition>
	<Location>
		<X>260</X>
		<Y>428</Y>
	</Location>
	<Size>
		<CX>100</CX>
		<CY>20</CY>
	</Size>
	<Text></Text>
	<NoWrap>true</NoWrap>
  </Label>
  <Label item = "IDW_Row24Col3Value">
	<ScreenID>IDW_Row24Col3Value</ScreenID>
	<RelativePosition>true</RelativePosition>
	<Location>
		<X>260</X>
		<Y>428</Y>
	</Location>
	<Size>
		<CX>100</CX>
		<CY>20</CY>
	</Size>
	<Text></Text>
	<NoWrap>true</NoWrap>
	<AlignRight>true</AlignRight>
  </Label>
  <Label item = "IDW_Row25Col3Stat">
	<ScreenID>IDW_Row25Col3Stat</ScreenID>
	<RelativePosition>true</RelativePosition>
	<Location>
		<X>260</X>
		<Y>444</Y>
	</Location>
	<Size>
		<CX>100</CX>
		<CY>20</CY>
	</Size>
	<Text></Text>
	<NoWrap>true</NoWrap>
  </Label>
  <Label item = "IDW_Row25Col3Value">
	<ScreenID>IDW_Row25Col3Value</ScreenID>
	<RelativePosition>true</RelativePosition>
	<Location>
		<X>260</X>
		<Y>444</Y>
	</Location>
	<Size>
		<CX>100</CX>
		<CY>20</CY>
	</Size>
	<Text></Text>
	<NoWrap>true</NoWrap>
	<AlignRight>true</AlignRight>
  </Label>
  <Label item = "IDW_Row26Col3Stat">
	<ScreenID>IDW_Row26Col3Stat</ScreenID>
	<RelativePosition>true</RelativePosition>
	<Location>
		<X>260</X>
		<Y>460</Y>
	</Location>
	<Size>
		<CX>100</CX>
		<CY>20</CY>
	</Size>
	<Text></Text>
	<NoWrap>true</NoWrap>
  </Label>
  <Label item = "IDW_Row26Col3Value">
	<ScreenID>IDW_Row26Col3Value</ScreenID>
	<RelativePosition>true</RelativePosition>
	<Location>
		<X>260</X>
		<Y>460</Y>
	</Location>
	<Size>
		<CX>100</CX>
		<CY>20</CY>
	</Size>
	<Text></Text>
	<NoWrap>true</NoWrap>
	<AlignRight>true</AlignRight>
  </Label>
  
  <Label item = "IDW_Heroic1">
	<ScreenID>IDW_Heroic1</ScreenID>
	<RelativePosition>true</RelativePosition>
	<Location>
		<X>10</X>
		<Y>60</Y>
	</Location>
	<Size>
		<CX>80</CX>
		<CY>20</CY>
	</Size>
	<Text></Text>
	<NoWrap>true</NoWrap>
  </Label>
  <Label item = "IDW_Heroic2">
	<ScreenID>IDW_Heroic2</ScreenID>
	<RelativePosition>true</RelativePosition>
	<Location>
		<X>10</X>
		<Y>60</Y>
	</Location>
	<Size>
		<CX>80</CX>
		<CY>20</CY>
	</Size>
	<Text></Text>
	<NoWrap>true</NoWrap>
  </Label>
  <Label item = "IDW_Heroic3">
	<ScreenID>IDW_Heroic3</ScreenID>
	<RelativePosition>true</RelativePosition>
	<Location>
		<X>10</X>
		<Y>60</Y>
	</Location>
	<Size>
		<CX>80</CX>
		<CY>20</CY>
	</Size>
	<Text></Text>
	<NoWrap>true</NoWrap>
  </Label>
  <Label item = "IDW_Heroic4">
	<ScreenID>IDW_Heroic4</ScreenID>
	<RelativePosition>true</RelativePosition>
	<Location>
		<X>10</X>
		<Y>60</Y>
	</Location>
	<Size>
		<CX>80</CX>
		<CY>20</CY>
	</Size>
	<Text></Text>
	<NoWrap>true</NoWrap>
  </Label>
  <Label item = "IDW_Heroic5">
	<ScreenID>IDW_Heroic5</ScreenID>
	<RelativePosition>true</RelativePosition>
	<Location>
		<X>10</X>
		<Y>60</Y>
	</Location>
	<Size>
		<CX>80</CX>
		<CY>20</CY>
	</Size>
	<Text></Text>
	<NoWrap>true</NoWrap>
  </Label>
  <Label item = "IDW_Heroic6">
	<ScreenID>IDW_Heroic6</ScreenID>
	<RelativePosition>true</RelativePosition>
	<Location>
		<X>10</X>
		<Y>60</Y>
	</Location>
	<Size>
		<CX>80</CX>
		<CY>20</CY>
	</Size>
	<Text></Text>
	<NoWrap>true</NoWrap>
  </Label>
  <Label item = "IDW_Heroic7">
	<ScreenID>IDW_Heroic7</ScreenID>
	<RelativePosition>true</RelativePosition>
	<Location>
		<X>10</X>
		<Y>60</Y>
	</Location>
	<Size>
		<CX>80</CX>
		<CY>20</CY>
	</Size>
	<Text></Text>
	<NoWrap>true</NoWrap>
  </Label>
  
  <Label item = "IDW_Heroic8">
	<ScreenID>IDW_Heroic8</ScreenID>
	<RelativePosition>true</RelativePosition>
	<Location>
		<X>10</X>
		<Y>60</Y>
	</Location>
	<Size>
		<CX>80</CX>
		<CY>20</CY>
	</Size>
	<Text></Text>
	<NoWrap>true</NoWrap>
  </Label>
  <Label item = "IDW_Heroic9">
	<ScreenID>IDW_Heroic9</ScreenID>
	<RelativePosition>true</RelativePosition>
	<Location>
		<X>10</X>
		<Y>60</Y>
	</Location>
	<Size>
		<CX>80</CX>
		<CY>20</CY>
	</Size>
	<Text></Text>
	<NoWrap>true</NoWrap>
  </Label>
  <Label item = "IDW_Heroic10">
	<ScreenID>IDW_Heroic10</ScreenID>
	<RelativePosition>true</RelativePosition>
	<Location>
		<X>10</X>
		<Y>60</Y>
	</Location>
	<Size>
		<CX>80</CX>
		<CY>20</CY>
	</Size>
	<Text></Text>
	<NoWrap>true</NoWrap>
  </Label>
  <Label item = "IDW_Heroic11">
	<ScreenID>IDW_Heroic11</ScreenID>
	<RelativePosition>true</RelativePosition>
	<Location>
		<X>10</X>
		<Y>60</Y>
	</Location>
	<Size>
		<CX>80</CX>
		<CY>20</CY>
	</Size>
	<Text></Text>
	<NoWrap>true</NoWrap>
  </Label>
  <Label item = "IDW_Heroic12">
	<ScreenID>IDW_Heroic12</ScreenID>
	<RelativePosition>true</RelativePosition>
	<Location>
		<X>10</X>
		<Y>60</Y>
	</Location>
	<Size>
		<CX>80</CX>
		<CY>20</CY>
	</Size>
	<Text></Text>
	<NoWrap>true</NoWrap>
  </Label>
  <Label item = "IDW_Heroic13">
	<ScreenID>IDW_Heroic13</ScreenID>
	<RelativePosition>true</RelativePosition>
	<Location>
		<X>10</X>
		<Y>60</Y>
	</Location>
	<Size>
		<CX>80</CX>
		<CY>20</CY>
	</Size>
	<Text></Text>
	<NoWrap>true</NoWrap>
  </Label>

	<Button item="IDW_Appearance_Socket_Item">
		<ScreenID>IDW_Appearance_Socket_Item</ScreenID>
		<Location>
			<X>10</X>
			<Y>0</Y>
		</Location>
		<Size>
			<CX>40</CX>
			<CY>40</CY>
		</Size>
		<Template>BDT_DragItem</Template>
		<DecalOffset>
			<X>1</X>
			<Y>1</Y>
		</DecalOffset>
		<DecalSize>
			<CX>40</CX>
			<CY>40</CY>
		</DecalSize>
	</Button>
	<Button item="IDW_Appearance_Socket_Buy_Button">
		<ScreenID>IDW_Appearance_Socket_Buy_Button</ScreenID>
		<Location>
			<X>10</X>
			<Y>0</Y>
		</Location>
		<Size>
			<CX>40</CX>
			<CY>40</CY>
		</Size>
		<Text>Buy Now</Text>
		<TextColor>
			<R>255</R>
			<G>233</G>
			<B>129</B>
		</TextColor>
		<BackgroundTextureTint>
			<R>0</R>
			<G>255</G>
			<B>0</B>
		</BackgroundTextureTint>
		<Template>BDT_Normal</Template>
	</Button>
  <STMLbox item="IDW_Appearance_Socket_Description">
    <ScreenID>IDW_Appearance_Socket_Description</ScreenID>
    <DrawTemplate>WDT_Inner</DrawTemplate>
	<Location>
		<X>58</X>
		<Y>4</Y>
	</Location>
	<Size>
		<CX>700</CX>
		<CY>40</CY>
	</Size>
	<Style_Border>false</Style_Border>
	<Style_Transparent>true</Style_Transparent>
	<Text>Socket Description</Text>
  </STMLbox>
  <Screen item="IDW_Appearance_Socket_Screen">
	<ScreenID>IDW_Appearance_Socket_Screen</ScreenID>
	<Location>
		<X>0</X>
		<Y>0</Y>
	</Location>
	<Size>
		<CX>700</CX>
		<CY>40</CY>
	</Size>
	<Style_VScroll>false</Style_VScroll>
	<Style_Transparent>true</Style_Transparent>
	<DrawTemplate>WDT_Inner</DrawTemplate>
	<Style_Titlebar>false</Style_Titlebar>
	<Style_Closebox>false</Style_Closebox>
	<Style_Minimizebox>false</Style_Minimizebox>
	<Style_Border>false</Style_Border>
	<Pieces>IDW_Appearance_Socket_Item</Pieces>
	<Pieces>IDW_Appearance_Socket_Buy_Button</Pieces>
	<Pieces>IDW_Appearance_Socket_Description</Pieces>
  </Screen>
  
  <Button item="IDW_Socket_Slot_1_Item">
	<ScreenID>IDW_Socket_Slot_1_Item</ScreenID>
	<Location>
		<X>10</X>
		<Y>0</Y>
	</Location>
	<Size>
		<CX>20</CX>
		<CY>20</CY>
	</Size>
	<Template>BDT_DragItem</Template>
	<DecalOffset>
		<X>0</X>
		<Y>0</Y>
	</DecalOffset>
	<DecalSize>
		<CX>20</CX>
		<CY>20</CY>
	</DecalSize>
  </Button>
  <STMLbox item="IDW_Socket_Slot_1_Description">
    <ScreenID>IDW_Socket_Slot_1_Description</ScreenID>
    <DrawTemplate>WDT_Inner</DrawTemplate>
	<Location>
		<X>38</X>
		<Y>2</Y>
	</Location>
	<Size>
		<CX>700</CX>
		<CY>20</CY>
	</Size>
	<Style_Border>false</Style_Border>
	<Style_Transparent>true</Style_Transparent>
	<Text>Socket Description</Text>
  </STMLbox>
  <Screen item="IDW_Socket_Slot_1_Screen">
	<ScreenID>IDW_Socket_Slot_1_Screen</ScreenID>
	<Location>
		<X>0</X>
		<Y>0</Y>
	</Location>
	<Size>
		<CX>700</CX>
		<CY>24</CY>
	</Size>
	<Style_VScroll>false</Style_VScroll>
	<Style_Transparent>true</Style_Transparent>
	<DrawTemplate>WDT_Inner</DrawTemplate>
	<Style_Titlebar>false</Style_Titlebar>
	<Style_Closebox>false</Style_Closebox>
	<Style_Minimizebox>false</Style_Minimizebox>
	<Style_Border>false</Style_Border>
	<Pieces>IDW_Socket_Slot_1_Item</Pieces>
	<Pieces>IDW_Socket_Slot_1_Description</Pieces>
  </Screen>
  <Button item="IDW_Socket_Slot_2_Item">
	<ScreenID>IDW_Socket_Slot_2_Item</ScreenID>
	<Location>
		<X>10</X>
		<Y>0</Y>
	</Location>
	<Size>
		<CX>20</CX>
		<CY>20</CY>
	</Size>
	<Template>BDT_DragItem</Template>
	<DecalOffset>
		<X>0</X>
		<Y>0</Y>
	</DecalOffset>
	<DecalSize>
		<CX>20</CX>
		<CY>20</CY>
	</DecalSize>
  </Button>
  <STMLbox item="IDW_Socket_Slot_2_Description">
    <ScreenID>IDW_Socket_Slot_2_Description</ScreenID>
    <DrawTemplate>WDT_Inner</DrawTemplate>
	<Location>
		<X>38</X>
		<Y>2</Y>
	</Location>
	<Size>
		<CX>700</CX>
		<CY>20</CY>
	</Size>
	<Style_Border>false</Style_Border>
	<Style_Transparent>true</Style_Transparent>
	<Text>Socket Description</Text>
  </STMLbox>
  <Screen item="IDW_Socket_Slot_2_Screen">
	<ScreenID>IDW_Socket_Slot_2_Screen</ScreenID>
	<Location>
		<X>0</X>
		<Y>0</Y>
	</Location>
	<Size>
		<CX>700</CX>
		<CY>24</CY>
	</Size>
	<Style_VScroll>false</Style_VScroll>
	<Style_Transparent>true</Style_Transparent>
	<DrawTemplate>WDT_Inner</DrawTemplate>
	<Style_Titlebar>false</Style_Titlebar>
	<Style_Closebox>false</Style_Closebox>
	<Style_Minimizebox>false</Style_Minimizebox>
	<Style_Border>false</Style_Border>
	<Pieces>IDW_Socket_Slot_2_Item</Pieces>
	<Pieces>IDW_Socket_Slot_2_Description</Pieces>
  </Screen>
  <Button item="IDW_Socket_Slot_3_Item">
	<ScreenID>IDW_Socket_Slot_3_Item</ScreenID>
	<Location>
		<X>10</X>
		<Y>0</Y>
	</Location>
	<Size>
		<CX>20</CX>
		<CY>20</CY>
	</Size>
	<Template>BDT_DragItem</Template>
	<DecalOffset>
		<X>0</X>
		<Y>0</Y>
	</DecalOffset>
	<DecalSize>
		<CX>20</CX>
		<CY>20</CY>
	</DecalSize>
  </Button>
  <STMLbox item="IDW_Socket_Slot_3_Description">
    <ScreenID>IDW_Socket_Slot_3_Description</ScreenID>
    <DrawTemplate>WDT_Inner</DrawTemplate>
	<Location>
		<X>38</X>
		<Y>2</Y>
	</Location>
	<Size>
		<CX>700</CX>
		<CY>20</CY>
	</Size>
	<Style_Border>false</Style_Border>
	<Style_Transparent>true</Style_Transparent>
	<Text>Socket Description</Text>
  </STMLbox>
  <Screen item="IDW_Socket_Slot_3_Screen">
	<ScreenID>IDW_Socket_Slot_3_Screen</ScreenID>
	<Location>
		<X>0</X>
		<Y>0</Y>
	</Location>
	<Size>
		<CX>700</CX>
		<CY>24</CY>
	</Size>
	<Style_VScroll>false</Style_VScroll>
	<Style_Transparent>true</Style_Transparent>
	<DrawTemplate>WDT_Inner</DrawTemplate>
	<Style_Titlebar>false</Style_Titlebar>
	<Style_Closebox>false</Style_Closebox>
	<Style_Minimizebox>false</Style_Minimizebox>
	<Style_Border>false</Style_Border>
	<Pieces>IDW_Socket_Slot_3_Item</Pieces>
	<Pieces>IDW_Socket_Slot_3_Description</Pieces>
  </Screen>
  <Button item="IDW_Socket_Slot_4_Item">
	<ScreenID>IDW_Socket_Slot_4_Item</ScreenID>
	<Location>
		<X>10</X>
		<Y>0</Y>
	</Location>
	<Size>
		<CX>20</CX>
		<CY>20</CY>
	</Size>
	<Template>BDT_DragItem</Template>
	<DecalOffset>
		<X>0</X>
		<Y>0</Y>
	</DecalOffset>
	<DecalSize>
		<CX>20</CX>
		<CY>20</CY>
	</DecalSize>
  </Button>
  <STMLbox item="IDW_Socket_Slot_4_Description">
    <ScreenID>IDW_Socket_Slot_4_Description</ScreenID>
    <DrawTemplate>WDT_Inner</DrawTemplate>
	<Location>
		<X>38</X>
		<Y>2</Y>
	</Location>
	<Size>
		<CX>700</CX>
		<CY>20</CY>
	</Size>
	<Style_Border>false</Style_Border>
	<Style_Transparent>true</Style_Transparent>
	<Text>Socket Description</Text>
  </STMLbox>
  <Screen item="IDW_Socket_Slot_4_Screen">
	<ScreenID>IDW_Socket_Slot_4_Screen</ScreenID>
	<Location>
		<X>0</X>
		<Y>0</Y>
	</Location>
	<Size>
		<CX>700</CX>
		<CY>24</CY>
	</Size>
	<Style_VScroll>false</Style_VScroll>
	<Style_Transparent>true</Style_Transparent>
	<DrawTemplate>WDT_Inner</DrawTemplate>
	<Style_Titlebar>false</Style_Titlebar>
	<Style_Closebox>false</Style_Closebox>
	<Style_Minimizebox>false</Style_Minimizebox>
	<Style_Border>false</Style_Border>
	<Pieces>IDW_Socket_Slot_4_Item</Pieces>
	<Pieces>IDW_Socket_Slot_4_Description</Pieces>
  </Screen>
  <Button item="IDW_Socket_Slot_5_Item">
	<ScreenID>IDW_Socket_Slot_5_Item</ScreenID>
	<Location>
		<X>10</X>
		<Y>0</Y>
	</Location>
	<Size>
		<CX>20</CX>
		<CY>20</CY>
	</Size>
	<Template>BDT_DragItem</Template>
	<DecalOffset>
		<X>0</X>
		<Y>0</Y>
	</DecalOffset>
	<DecalSize>
		<CX>20</CX>
		<CY>20</CY>
	</DecalSize>
  </Button>
  <STMLbox item="IDW_Socket_Slot_5_Description">
    <ScreenID>IDW_Socket_Slot_5_Description</ScreenID>
    <DrawTemplate>WDT_Inner</DrawTemplate>
	<Location>
		<X>38</X>
		<Y>2</Y>
	</Location>
	<Size>
		<CX>700</CX>
		<CY>20</CY>
	</Size>
	<Style_Border>false</Style_Border>
	<Style_Transparent>true</Style_Transparent>
	<Text>Socket Description</Text>
  </STMLbox>
  <Screen item="IDW_Socket_Slot_5_Screen">
	<ScreenID>IDW_Socket_Slot_5_Screen</ScreenID>
	<Location>
		<X>0</X>
		<Y>0</Y>
	</Location>
	<Size>
		<CX>700</CX>
		<CY>24</CY>
	</Size>
	<Style_VScroll>false</Style_VScroll>
	<Style_Transparent>true</Style_Transparent>
	<DrawTemplate>WDT_Inner</DrawTemplate>
	<Style_Titlebar>false</Style_Titlebar>
	<Style_Closebox>false</Style_Closebox>
	<Style_Minimizebox>false</Style_Minimizebox>
	<Style_Border>false</Style_Border>
	<Pieces>IDW_Socket_Slot_5_Item</Pieces>
	<Pieces>IDW_Socket_Slot_5_Description</Pieces>
  </Screen>
  <Button item="IDW_Socket_Slot_6_Item">
	<ScreenID>IDW_Socket_Slot_6_Item</ScreenID>
	<Location>
		<X>10</X>
		<Y>0</Y>
	</Location>
	<Size>
		<CX>20</CX>
		<CY>20</CY>
	</Size>
	<Template>BDT_DragItem</Template>
	<DecalOffset>
		<X>0</X>
		<Y>0</Y>
	</DecalOffset>
	<DecalSize>
		<CX>20</CX>
		<CY>20</CY>
	</DecalSize>
  </Button>
  <STMLbox item="IDW_Socket_Slot_6_Description">
    <ScreenID>IDW_Socket_Slot_6_Description</ScreenID>
    <DrawTemplate>WDT_Inner</DrawTemplate>
	<Location>
		<X>38</X>
		<Y>2</Y>
	</Location>
	<Size>
		<CX>700</CX>
		<CY>20</CY>
	</Size>
	<Style_Border>false</Style_Border>
	<Style_Transparent>true</Style_Transparent>
	<Text>Socket Description</Text>
  </STMLbox>
  <Screen item="IDW_Socket_Slot_6_Screen">
	<ScreenID>IDW_Socket_Slot_6_Screen</ScreenID>
	<Location>
		<X>0</X>
		<Y>0</Y>
	</Location>
	<Size>
		<CX>700</CX>
		<CY>24</CY>
	</Size>
	<Style_VScroll>false</Style_VScroll>
	<Style_Transparent>true</Style_Transparent>
	<DrawTemplate>WDT_Inner</DrawTemplate>
	<Style_Titlebar>false</Style_Titlebar>
	<Style_Closebox>false</Style_Closebox>
	<Style_Minimizebox>false</Style_Minimizebox>
	<Style_Border>false</Style_Border>
	<Pieces>IDW_Socket_Slot_6_Item</Pieces>
	<Pieces>IDW_Socket_Slot_6_Description</Pieces>
  </Screen>
  
  <STMLbox item="IDW_ItemDescription">
    <ScreenID>ItemDescription</ScreenID>
    <DrawTemplate>WDT_Inner</DrawTemplate>
    <RelativePosition>true</RelativePosition>
    <Style_AutoVScroll>true</Style_AutoVScroll>
    <Style_VScroll>true</Style_VScroll>
    <AutoStretch>true</AutoStretch>
    <LeftAnchorOffset>10</LeftAnchorOffset>
    <TopAnchorOffset>0</TopAnchorOffset>
    <RightAnchorOffset>0</RightAnchorOffset>
    <BottomAnchorOffset>3</BottomAnchorOffset>
    <RightAnchorToLeft>false</RightAnchorToLeft>
    <BottomAnchorToTop>false</BottomAnchorToTop>
    <LeftAnchorToLeft>true</LeftAnchorToLeft>
    <TopAnchorToTop>true</TopAnchorToTop>
    <Style_Border>false</Style_Border>
    <Text>Item Description</Text>
    <Style_Transparent>true</Style_Transparent>
  </STMLbox>
  <STMLbox item="IDW_ItemLore">
    <ScreenID>ItemLore</ScreenID>
    <DrawTemplate>WDT_Inner</DrawTemplate>
    <RelativePosition>true</RelativePosition>
    <Style_VScroll>true</Style_VScroll>
    <AutoStretch>true</AutoStretch>
    <LeftAnchorOffset>0</LeftAnchorOffset>
    <TopAnchorOffset>0</TopAnchorOffset>
    <RightAnchorOffset>0</RightAnchorOffset>
    <BottomAnchorOffset>3</BottomAnchorOffset>
    <RightAnchorToLeft>false</RightAnchorToLeft>
    <BottomAnchorToTop>false</BottomAnchorToTop>
    <LeftAnchorToLeft>true</LeftAnchorToLeft>
    <TopAnchorToTop>true</TopAnchorToTop>
    <Style_Border>true</Style_Border>
    <Text>Item Lore</Text>
  </STMLbox>
  <Button item="IDW_IconButton">
    <ScreenID>IconButton</ScreenID>
    <!--<Font>3</Font>-->
    <RelativePosition>true</RelativePosition>
    <AutoStretch>true</AutoStretch>
    <LeftAnchorOffset>10</LeftAnchorOffset>
    <TopAnchorOffset>12</TopAnchorOffset>
    <RightAnchorOffset>54</RightAnchorOffset>
    <BottomAnchorOffset>56</BottomAnchorOffset>
    <RightAnchorToLeft>true</RightAnchorToLeft>
    <BottomAnchorToTop>true</BottomAnchorToTop>
    <RightAnchorToRight>false</RightAnchorToRight>
    <LeftAnchorToLeft>true</LeftAnchorToLeft>
    <TopAnchorToTop>true</TopAnchorToTop>
    <Style_VScroll>false</Style_VScroll>
    <Style_HScroll>false</Style_HScroll>
    <Style_Transparent>false</Style_Transparent>
    <!--<TooltipReference/>-->
    <Style_Checkbox>false</Style_Checkbox>
    <!--<RadioGroup/>-->
    <ButtonDrawTemplate>
      <Normal>RedIconBackground</Normal>
      <NormalDecal>BuffIcons</NormalDecal>
    </ButtonDrawTemplate>
    <SoundPressed />
    <SoundUp />
    <SoundFlyby />
    <DecalOffset>
      <X>2</X>
      <Y>2</Y>
    </DecalOffset>
    <DecalSize>
      <CX>40</CX>
      <CY>40</CY>
    </DecalSize>
  </Button>
  <Label item = "IDW_MadeBy">
	<ScreenID>IDW_MadeBy</ScreenID>
	<RelativePosition>true</RelativePosition>
	<AutoStretch>true</AutoStretch>
	<TopAnchorOffset>0</TopAnchorOffset>
	<BottomAnchorOffset>56</BottomAnchorOffset>
	<LeftAnchorOffset>200</LeftAnchorOffset>
	<RightAnchorOffset>10</RightAnchorOffset>
	<RightAnchorToLeft>false</RightAnchorToLeft>
	<LeftAnchorToLeft>false</LeftAnchorToLeft>
	<RightAnchorToRight>true</RightAnchorToRight>
	<Text></Text>
	<Font>1</Font>
	<AlignRight>true</AlignRight>
	<NoWrap>true</NoWrap>
  </Label>
  <Page item="IDW_ItemDescriptionTab">
    <ScreenID>ItemDescriptionTab</ScreenID>
<!--ADD-->	<Style_AutoVScroll>true</Style_AutoVScroll>
<!--ADD-->	<Style_VScroll>true</Style_VScroll>
    <TabText>Description</TabText>
    <TabTextActiveColor>
      <R>255</R>
      <G>255</G>
      <B>0</B>
    </TabTextActiveColor>
    <DrawTemplate>WDT_Def</DrawTemplate>
    <Pieces>IDW_MadeBy</Pieces>
    <Pieces>IDW_ItemDescription</Pieces>
    <Pieces>IDW_IconButton</Pieces>
    <Pieces>Screen:IDW_Appearance_Socket_Screen</Pieces>
    <Pieces>Screen:IDW_Socket_Slot_1_Screen</Pieces>
    <Pieces>Screen:IDW_Socket_Slot_2_Screen</Pieces>
    <Pieces>Screen:IDW_Socket_Slot_3_Screen</Pieces>   
    <Pieces>Screen:IDW_Socket_Slot_4_Screen</Pieces>
    <Pieces>Screen:IDW_Socket_Slot_5_Screen</Pieces>
    <Pieces>Screen:IDW_Socket_Slot_6_Screen</Pieces>
	<Pieces>IDW_CollectedLabel</Pieces>
	<Pieces>IDW_ScribedLabel</Pieces>
    <Pieces>IDW_ModButton</Pieces>
	<Pieces>IDW_PrintRealEstateItems</Pieces>
	<Pieces>IDW_ItemInfo1</Pieces>
	<Pieces>IDW_ItemInfo2</Pieces>
	<Pieces>IDW_ItemInfo3</Pieces>
	<Pieces>IDW_ItemInfo4</Pieces>
	<Pieces>IDW_ItemInfo5</Pieces>
	<Pieces>IDW_ItemInfo6</Pieces>
	<Pieces>IDW_ItemInfo7</Pieces>
	<Pieces>IDW_ItemInfo8</Pieces>
	<Pieces>IDW_ItemInfo9</Pieces>
	<Pieces>IDW_ItemInfo10</Pieces>
	<Pieces>IDW_ItemInfo11</Pieces>
	<Pieces>IDW_ItemInfo12</Pieces>
	<Pieces>IDW_ItemInfo13</Pieces>
    <Pieces>IDW_ModButtonLabel</Pieces>
    <Pieces>IDW_ConvertButton</Pieces>
    <Pieces>IDW_ConvertButtonLabel</Pieces>
    <Pieces>IDW_Row1Col1Stat</Pieces>
    <Pieces>IDW_Row2Col1Stat</Pieces>
    <Pieces>IDW_Row3Col1Stat</Pieces>
    <Pieces>IDW_Row4Col1Stat</Pieces>
    <Pieces>IDW_Row5Col1Stat</Pieces>
    <Pieces>IDW_Row6Col1Stat</Pieces>
    <Pieces>IDW_Row7Col1Stat</Pieces>
    <Pieces>IDW_Row8Col1Stat</Pieces>
    <Pieces>IDW_Row9Col1Stat</Pieces>
    <Pieces>IDW_Row10Col1Stat</Pieces>
    <Pieces>IDW_Row11Col1Stat</Pieces>
    <Pieces>IDW_Row12Col1Stat</Pieces>
    <Pieces>IDW_Row13Col1Stat</Pieces>
    <Pieces>IDW_Row14Col1Stat</Pieces>
    <Pieces>IDW_Row15Col1Stat</Pieces>
    <Pieces>IDW_Row16Col1Stat</Pieces>
    <Pieces>IDW_Row17Col1Stat</Pieces>
    <Pieces>IDW_Row18Col1Stat</Pieces>
    <Pieces>IDW_Row19Col1Stat</Pieces>
    <Pieces>IDW_Row20Col1Stat</Pieces>
    <Pieces>IDW_Row21Col1Stat</Pieces>
    <Pieces>IDW_Row22Col1Stat</Pieces>
    <Pieces>IDW_Row23Col1Stat</Pieces>
    <Pieces>IDW_Row24Col1Stat</Pieces>
    <Pieces>IDW_Row25Col1Stat</Pieces>
    <Pieces>IDW_Row26Col1Stat</Pieces>
    
    
    <Pieces>IDW_Row1Col1Value</Pieces>
    <Pieces>IDW_Row2Col1Value</Pieces>
    <Pieces>IDW_Row3Col1Value</Pieces>
    <Pieces>IDW_Row4Col1Value</Pieces>
    <Pieces>IDW_Row5Col1Value</Pieces>
    <Pieces>IDW_Row6Col1Value</Pieces>
    <Pieces>IDW_Row7Col1Value</Pieces>
    <Pieces>IDW_Row8Col1Value</Pieces>
    <Pieces>IDW_Row9Col1Value</Pieces>
    <Pieces>IDW_Row10Col1Value</Pieces>
    <Pieces>IDW_Row11Col1Value</Pieces>
    <Pieces>IDW_Row12Col1Value</Pieces>
    <Pieces>IDW_Row13Col1Value</Pieces>
    <Pieces>IDW_Row14Col1Value</Pieces>
    <Pieces>IDW_Row15Col1Value</Pieces>
    <Pieces>IDW_Row16Col1Value</Pieces>
    <Pieces>IDW_Row17Col1Value</Pieces>
    <Pieces>IDW_Row18Col1Value</Pieces>
    <Pieces>IDW_Row19Col1Value</Pieces>
    <Pieces>IDW_Row20Col1Value</Pieces>
    <Pieces>IDW_Row21Col1Value</Pieces>
    <Pieces>IDW_Row22Col1Value</Pieces>
    <Pieces>IDW_Row23Col1Value</Pieces>
    <Pieces>IDW_Row24Col1Value</Pieces>
    <Pieces>IDW_Row25Col1Value</Pieces>
    <Pieces>IDW_Row26Col1Value</Pieces>
    
    <Pieces>IDW_Row1Col2Stat</Pieces>
    <Pieces>IDW_Row2Col2Stat</Pieces>
    <Pieces>IDW_Row3Col2Stat</Pieces>
    <Pieces>IDW_Row4Col2Stat</Pieces>
    <Pieces>IDW_Row5Col2Stat</Pieces>
    <Pieces>IDW_Row6Col2Stat</Pieces>
    <Pieces>IDW_Row7Col2Stat</Pieces>
    <Pieces>IDW_Row8Col2Stat</Pieces>
    <Pieces>IDW_Row9Col2Stat</Pieces>
    <Pieces>IDW_Row10Col2Stat</Pieces>
    <Pieces>IDW_Row11Col2Stat</Pieces>
    <Pieces>IDW_Row12Col2Stat</Pieces>
    <Pieces>IDW_Row13Col2Stat</Pieces>
    <Pieces>IDW_Row14Col2Stat</Pieces>
    <Pieces>IDW_Row15Col2Stat</Pieces>
    <Pieces>IDW_Row16Col2Stat</Pieces>
    <Pieces>IDW_Row17Col2Stat</Pieces>
    <Pieces>IDW_Row18Col2Stat</Pieces>
    <Pieces>IDW_Row19Col2Stat</Pieces>
    <Pieces>IDW_Row20Col2Stat</Pieces>
    <Pieces>IDW_Row21Col2Stat</Pieces>
    <Pieces>IDW_Row22Col2Stat</Pieces>
    <Pieces>IDW_Row23Col2Stat</Pieces>
    <Pieces>IDW_Row24Col2Stat</Pieces>
    <Pieces>IDW_Row25Col2Stat</Pieces>
    <Pieces>IDW_Row26Col2Stat</Pieces>
    
    
    <Pieces>IDW_Row1Col2Value</Pieces>
    <Pieces>IDW_Row2Col2Value</Pieces>
    <Pieces>IDW_Row3Col2Value</Pieces>
    <Pieces>IDW_Row4Col2Value</Pieces>
    <Pieces>IDW_Row5Col2Value</Pieces>
    <Pieces>IDW_Row6Col2Value</Pieces>
    <Pieces>IDW_Row7Col2Value</Pieces>
    <Pieces>IDW_Row8Col2Value</Pieces>
    <Pieces>IDW_Row9Col2Value</Pieces>
    <Pieces>IDW_Row10Col2Value</Pieces>
    <Pieces>IDW_Row11Col2Value</Pieces>
    <Pieces>IDW_Row12Col2Value</Pieces>
    <Pieces>IDW_Row13Col2Value</Pieces>
    <Pieces>IDW_Row14Col2Value</Pieces>
    <Pieces>IDW_Row15Col2Value</Pieces>
    <Pieces>IDW_Row16Col2Value</Pieces>
    <Pieces>IDW_Row17Col2Value</Pieces>
    <Pieces>IDW_Row18Col2Value</Pieces>
    <Pieces>IDW_Row19Col2Value</Pieces>
    <Pieces>IDW_Row20Col2Value</Pieces>
    <Pieces>IDW_Row21Col2Value</Pieces>
    <Pieces>IDW_Row22Col2Value</Pieces>
    <Pieces>IDW_Row23Col2Value</Pieces>
    <Pieces>IDW_Row24Col2Value</Pieces>
    <Pieces>IDW_Row25Col2Value</Pieces>
    <Pieces>IDW_Row26Col2Value</Pieces>
    
    <Pieces>IDW_Row1Col3Stat</Pieces>
    <Pieces>IDW_Row2Col3Stat</Pieces>
    <Pieces>IDW_Row3Col3Stat</Pieces>
    <Pieces>IDW_Row4Col3Stat</Pieces>
    <Pieces>IDW_Row5Col3Stat</Pieces>
    <Pieces>IDW_Row6Col3Stat</Pieces>
    <Pieces>IDW_Row7Col3Stat</Pieces>
    <Pieces>IDW_Row8Col3Stat</Pieces>
    <Pieces>IDW_Row9Col3Stat</Pieces>
    <Pieces>IDW_Row10Col3Stat</Pieces>
    <Pieces>IDW_Row11Col3Stat</Pieces>
    <Pieces>IDW_Row12Col3Stat</Pieces>
    <Pieces>IDW_Row13Col3Stat</Pieces>
    <Pieces>IDW_Row14Col3Stat</Pieces>
    <Pieces>IDW_Row15Col3Stat</Pieces>
    <Pieces>IDW_Row16Col3Stat</Pieces>
    <Pieces>IDW_Row17Col3Stat</Pieces>
    <Pieces>IDW_Row18Col3Stat</Pieces>
    <Pieces>IDW_Row19Col3Stat</Pieces>
    <Pieces>IDW_Row20Col3Stat</Pieces>
    <Pieces>IDW_Row21Col3Stat</Pieces>
    <Pieces>IDW_Row22Col3Stat</Pieces>
    <Pieces>IDW_Row23Col3Stat</Pieces>
    <Pieces>IDW_Row24Col3Stat</Pieces>
    <Pieces>IDW_Row25Col3Stat</Pieces>
    <Pieces>IDW_Row26Col3Stat</Pieces>
    
    <Pieces>IDW_Row1Col3Value</Pieces>
    <Pieces>IDW_Row2Col3Value</Pieces>
    <Pieces>IDW_Row3Col3Value</Pieces>
    <Pieces>IDW_Row4Col3Value</Pieces>
    <Pieces>IDW_Row5Col3Value</Pieces>
    <Pieces>IDW_Row6Col3Value</Pieces>
    <Pieces>IDW_Row7Col3Value</Pieces>
    <Pieces>IDW_Row8Col3Value</Pieces>
    <Pieces>IDW_Row9Col3Value</Pieces>
    <Pieces>IDW_Row10Col3Value</Pieces>
    <Pieces>IDW_Row11Col3Value</Pieces>
    <Pieces>IDW_Row12Col3Value</Pieces>
    <Pieces>IDW_Row13Col3Value</Pieces>
    <Pieces>IDW_Row14Col3Value</Pieces>
    <Pieces>IDW_Row15Col3Value</Pieces>
    <Pieces>IDW_Row16Col3Value</Pieces>
    <Pieces>IDW_Row17Col3Value</Pieces>
    <Pieces>IDW_Row18Col3Value</Pieces>
    <Pieces>IDW_Row19Col3Value</Pieces>
    <Pieces>IDW_Row20Col3Value</Pieces>
    <Pieces>IDW_Row21Col3Value</Pieces>
    <Pieces>IDW_Row22Col3Value</Pieces>
    <Pieces>IDW_Row23Col3Value</Pieces>
    <Pieces>IDW_Row24Col3Value</Pieces>
    <Pieces>IDW_Row25Col3Value</Pieces>
    <Pieces>IDW_Row26Col3Value</Pieces>
    
    
    
    <Pieces>IDW_Heroic1</Pieces>
    <Pieces>IDW_Heroic2</Pieces>
    <Pieces>IDW_Heroic3</Pieces>
    <Pieces>IDW_Heroic4</Pieces>
    <Pieces>IDW_Heroic5</Pieces>
    <Pieces>IDW_Heroic6</Pieces>
    <Pieces>IDW_Heroic7</Pieces>
    <Pieces>IDW_Heroic8</Pieces>
    <Pieces>IDW_Heroic9</Pieces>
    <Pieces>IDW_Heroic10</Pieces>
    <Pieces>IDW_Heroic11</Pieces>
    <Pieces>IDW_Heroic12</Pieces>
    <Pieces>IDW_Heroic13</Pieces>
    
    <Location>
      <X>0</X>
      <Y>22</Y>
    </Location>
    <Size>
      <CX>361</CX>
      <CY>177</CY>
    </Size>
  </Page>
  <Page item="IDW_ItemLoreTab">
    <ScreenID>ItemLoreTab</ScreenID>
    <TabText>Lore</TabText>
    <TabTextActiveColor>
      <R>255</R>
      <G>255</G>
      <B>0</B>
    </TabTextActiveColor>
    <DrawTemplate>WDT_Def</DrawTemplate>
    <Pieces>IDW_ItemLore</Pieces>
    <Location>
      <X>0</X>
      <Y>22</Y>
    </Location>
    <Size>
      <CX>361</CX>
      <CY>177</CY>
    </Size>
  </Page>
  <TabBox item="IDW_ItemDescriptionTabBox">
    <ScreenID>ItemDescriptionTabBox</ScreenID>
    <!--<Font>3</Font>-->
    <RelativePosition>true</RelativePosition>
    <AutoStretch>true</AutoStretch>
    <TopAnchorToTop>true</TopAnchorToTop>
    <BottomAnchorToTop>false</BottomAnchorToTop>
    <LeftAnchorToLeft>true</LeftAnchorToLeft>
    <RightAnchorToLeft>false</RightAnchorToLeft>
    <TabBorderTemplate>FT_DefTabBorder</TabBorderTemplate>
    <PageBorderTemplate>FT_DefPageBorder</PageBorderTemplate>
    <Pages>IDW_ItemDescriptionTab</Pages>
    <Pages>IDW_ItemLoreTab</Pages>
<!--MODIFY-->	<LeftAnchorOffset>0</LeftAnchorOffset>
<!--MODIFY-->	<RightAnchorOffset>0</RightAnchorOffset>
<!--MODIFY-->	<TopAnchorOffset>1</TopAnchorOffset>
<!--MODIFY-->	<BottomAnchorOffset>0</BottomAnchorOffset>
  </TabBox>
  <Screen item="ItemDisplayWindow">
    <!--<ScreenID/>-->
    <!--<Font/>-->
    <RelativePosition>false</RelativePosition>
    <Location>
      <X>0</X>
      <Y>80</Y>
    </Location>
    <Size>
      <CX>400</CX>
      <CY>230</CY>
    </Size>
    <Style_VScroll>false</Style_VScroll>
    <Style_HScroll>false</Style_HScroll>
    <Style_Transparent>false</Style_Transparent>
    <TooltipReference>This is an Item Display window</TooltipReference>
    <DrawTemplate>WDT_Filigree</DrawTemplate>
    <Style_Titlebar>true</Style_Titlebar>
    <Style_Closebox>true</Style_Closebox>
    <Style_Minimizebox>true</Style_Minimizebox>
    <Style_Border>true</Style_Border>
    <Style_Sizable>true</Style_Sizable>
    <Style_Qmarkbox>true</Style_Qmarkbox>
    <Pieces>IDW_ItemDescriptionTabBox</Pieces>
  </Screen>
</XML>
