<?xml version="1.0" encoding="us-ascii"?>
<XML ID="EQInterfaceDefinitionLanguage">
	<Schema xmlns="EverQuestData" xmlns:dt="EverQuestDataTypes" />
	<TextureInfo item="TargetBox.tga">
		<Size>
			<CX>128</CX>
			<CY>32</CY>
		</Size>
	</TextureInfo>
	<Ui2DAnimation item="A_TargetBoxTop">
		<Cycle>false</Cycle>
		<Frames>
<!--MODIFY-->		<Texture>VoktarUI_Window_Pieces.tga</Texture>
			<Location>
<!--MODIFY-->			<X>33</X>
				<Y>1</Y>
			</Location>
			<Size>
<!--MODIFY-->			<CX>4</CX>
				<CY>2</CY>
			</Size>
		</Frames>
	</Ui2DAnimation>
	<Ui2DAnimation item="A_TargetBoxBottom">
		<Cycle>false</Cycle>
		<Frames>
<!--MODIFY-->		<Texture>VoktarUI_Window_Pieces.tga</Texture>
			<Location>
<!--MODIFY-->			<X>33</X>
<!--MODIFY-->			<Y>1</Y>
			</Location>
			<Size>
<!--MODIFY-->			<CX>4</CX>
				<CY>2</CY>
			</Size>
		</Frames>
	</Ui2DAnimation>
	<Ui2DAnimation item="A_TargetBoxLeft">
		<Cycle>false</Cycle>
		<Frames>
<!--MODIFY-->		<Texture>VoktarUI_Window_Pieces.tga</Texture>
			<Location>
<!--MODIFY-->			<X>33</X>
<!--MODIFY-->			<Y>4</Y>
			</Location>
			<Size>
<!--MODIFY-->			<CX>2</CX>
<!--MODIFY-->			<CY>4</CY>
			</Size>
		</Frames>
	</Ui2DAnimation>
	<Ui2DAnimation item="A_TargetBoxRight">
		<Cycle>false</Cycle>
		<Frames>
<!--MODIFY-->		<Texture>VoktarUI_Window_Pieces.tga</Texture>
			<Location>
<!--MODIFY-->			<X>33</X>
<!--MODIFY-->			<Y>4</Y>
			</Location>
			<Size>
<!--MODIFY-->			<CX>2</CX>
<!--MODIFY-->			<CY>4</CY>
			</Size>
		</Frames>
	</Ui2DAnimation>
	<Ui2DAnimation item="A_TargetBoxFill">
		<Cycle>false</Cycle>
		<Frames>
			<Texture>TargetBox.tga</Texture>
			<Location>
				<X>4</X>
				<Y>4</Y>
			</Location>
			<Size>
<!--MODIFY-->			<CX>0</CX>
<!--MODIFY-->			<CY>0</CY>
			</Size>
		</Frames>
	</Ui2DAnimation>
	<StaticAnimation item="A_TargetBoxStaticAnimTop">
		<ScreenID>A_TargetBoxStaticAnimTop</ScreenID>
		<Animation>A_TargetBoxTop</Animation>
		<AutoDraw>false</AutoDraw>
		<AutoStretch>true</AutoStretch>
		<TopAnchorOffset>0</TopAnchorOffset>
<!--MODIFY-->	<BottomAnchorOffset>2</BottomAnchorOffset>
		<LeftAnchorOffset>0</LeftAnchorOffset>
		<RightAnchorOffset>0</RightAnchorOffset>
		<TopAnchorToTop>true</TopAnchorToTop>
		<BottomAnchorToTop>true</BottomAnchorToTop>
		<LeftAnchorToLeft>true</LeftAnchorToLeft>
		<RightAnchorToLeft>false</RightAnchorToLeft>
	</StaticAnimation>
	<StaticAnimation item="A_TargetBoxStaticAnimBottom">
		<ScreenID>A_TargetBoxStaticAnimBottom</ScreenID>
		<Animation>A_TargetBoxBottom</Animation>
		<AutoDraw>false</AutoDraw>
		<AutoStretch>true</AutoStretch>
<!--MODIFY-->	<TopAnchorOffset>2</TopAnchorOffset>
<!--MODIFY-->	<BottomAnchorOffset>0</BottomAnchorOffset>
		<LeftAnchorOffset>0</LeftAnchorOffset>
		<RightAnchorOffset>0</RightAnchorOffset>
<!--MODIFY-->	<TopAnchorToTop>false</TopAnchorToTop>
<!--MODIFY-->	<BottomAnchorToTop>false</BottomAnchorToTop>
		<LeftAnchorToLeft>true</LeftAnchorToLeft>
		<RightAnchorToLeft>false</RightAnchorToLeft>
	</StaticAnimation>
	<StaticAnimation item="A_TargetBoxStaticAnimLeft">
		<ScreenID>A_TargetBoxStaticAnimLeft</ScreenID>
		<Animation>A_TargetBoxLeft</Animation>
		<AutoDraw>false</AutoDraw>
		<AutoStretch>true</AutoStretch>
<!--MODIFY-->	<TopAnchorOffset>2</TopAnchorOffset>
<!--MODIFY-->	<BottomAnchorOffset>2</BottomAnchorOffset>
		<LeftAnchorOffset>0</LeftAnchorOffset>
<!--MODIFY-->	<RightAnchorOffset>3</RightAnchorOffset>		
		<TopAnchorToTop>true</TopAnchorToTop>
<!--MODIFY-->	<BottomAnchorToTop>false</BottomAnchorToTop>
		<LeftAnchorToLeft>true</LeftAnchorToLeft>
		<RightAnchorToLeft>true</RightAnchorToLeft>
	</StaticAnimation>
	<StaticAnimation item="A_TargetBoxStaticAnimRight">
		<ScreenID>A_TargetBoxStaticAnimRight</ScreenID>
		<Animation>A_TargetBoxRight</Animation>
		<AutoDraw>false</AutoDraw>
		<AutoStretch>true</AutoStretch>
<!--MODIFY-->	<TopAnchorOffset>2</TopAnchorOffset>
<!--MODIFY-->	<BottomAnchorOffset>2</BottomAnchorOffset>
<!--MODIFY-->	<LeftAnchorOffset>2</LeftAnchorOffset>
<!--MODIFY-->	<RightAnchorOffset>-1</RightAnchorOffset>
		<TopAnchorToTop>true</TopAnchorToTop>
<!--MODIFY-->	<BottomAnchorToTop>false</BottomAnchorToTop>
		<LeftAnchorToLeft>false</LeftAnchorToLeft>
		<RightAnchorToLeft>false</RightAnchorToLeft>
	</StaticAnimation>
	<StaticAnimation item="A_TargetBoxStaticAnimFill">
		<ScreenID>A_TargetBoxStaticAnimFill</ScreenID>
<!--DELETEBLOCK: START-->
<!--DELETEBLOCK: END-->
	</StaticAnimation>
	<Gauge item="Target_HP">
		<ScreenID>TargetHP</ScreenID>
<!--DELETEBLOCK: START-->
<!--DELETEBLOCK: END-->
	</Gauge>
	<Label item="Target_HPLabel">
		<ScreenID>HPLabel</ScreenID>
<!--DELETEBLOCK: START-->
<!--DELETEBLOCK: END-->
	</Label>
	<Label item="Target_HPPercLabel">
		<ScreenID>HPPercLabel</ScreenID>
<!--DELETEBLOCK: START-->
<!--DELETEBLOCK: END-->
	</Label>
	<Button item="Target_Buff0_Button">
		<ScreenID>Buff0</ScreenID>
		<Size>
			<CX>24</CX>
			<CY>24</CY>
		</Size>
		<Style_VScroll>false</Style_VScroll>
		<Style_HScroll>false</Style_HScroll>
		<Style_Transparent>false</Style_Transparent>
		<Style_Checkbox>false</Style_Checkbox>
		<DecalOffset>
			<X>2</X>
			<Y>2</Y>
		</DecalOffset>
		<DecalSize>
			<CX>20</CX>
			<CY>20</CY>
		</DecalSize>
	</Button>
	<Button item="Target_Buff1_Button">
		<ScreenID>Buff1</ScreenID>
		<Size>
			<CX>24</CX>
			<CY>24</CY>
		</Size>
		<Style_VScroll>false</Style_VScroll>
		<Style_HScroll>false</Style_HScroll>
		<Style_Transparent>false</Style_Transparent>
		<Style_Checkbox>false</Style_Checkbox>
		<DecalOffset>
			<X>2</X>
			<Y>2</Y>
		</DecalOffset>
		<DecalSize>
			<CX>20</CX>
			<CY>20</CY>
		</DecalSize>
	</Button>
	<Button item="Target_Buff2_Button">
		<ScreenID>Buff2</ScreenID>
		<Size>
			<CX>24</CX>
			<CY>24</CY>
		</Size>
		<Style_VScroll>false</Style_VScroll>
		<Style_HScroll>false</Style_HScroll>
		<Style_Transparent>false</Style_Transparent>
		<Style_Checkbox>false</Style_Checkbox>
		<DecalOffset>
			<X>2</X>
			<Y>2</Y>
		</DecalOffset>
		<DecalSize>
			<CX>20</CX>
			<CY>20</CY>
		</DecalSize>
	</Button>
	<Button item="Target_Buff3_Button">
		<ScreenID>Buff3</ScreenID>
		<Size>
			<CX>24</CX>
			<CY>24</CY>
		</Size>
		<Style_VScroll>false</Style_VScroll>
		<Style_HScroll>false</Style_HScroll>
		<Style_Transparent>false</Style_Transparent>
		<Style_Checkbox>false</Style_Checkbox>
		<DecalOffset>
			<X>2</X>
			<Y>2</Y>
		</DecalOffset>
		<DecalSize>
			<CX>20</CX>
			<CY>20</CY>
		</DecalSize>
	</Button>
	<Button item="Target_Buff4_Button">
		<ScreenID>Buff4</ScreenID>
		<Size>
			<CX>24</CX>
			<CY>24</CY>
		</Size>
		<Style_VScroll>false</Style_VScroll>
		<Style_HScroll>false</Style_HScroll>
		<Style_Transparent>false</Style_Transparent>
		<Style_Checkbox>false</Style_Checkbox>
		<DecalOffset>
			<X>2</X>
			<Y>2</Y>
		</DecalOffset>
		<DecalSize>
			<CX>20</CX>
			<CY>20</CY>
		</DecalSize>
	</Button>
	<Button item="Target_Buff5_Button">
		<ScreenID>Buff5</ScreenID>
		<Size>
			<CX>24</CX>
			<CY>24</CY>
		</Size>
		<Style_VScroll>false</Style_VScroll>
		<Style_HScroll>false</Style_HScroll>
		<Style_Transparent>false</Style_Transparent>
		<Style_Checkbox>false</Style_Checkbox>
		<DecalOffset>
			<X>2</X>
			<Y>2</Y>
		</DecalOffset>
		<DecalSize>
			<CX>20</CX>
			<CY>20</CY>
		</DecalSize>
	</Button>
	<Button item="Target_Buff6_Button">
		<ScreenID>Buff6</ScreenID>
		<Size>
			<CX>24</CX>
			<CY>24</CY>
		</Size>
		<Style_VScroll>false</Style_VScroll>
		<Style_HScroll>false</Style_HScroll>
		<Style_Transparent>false</Style_Transparent>
		<Style_Checkbox>false</Style_Checkbox>
		<DecalOffset>
			<X>2</X>
			<Y>2</Y>
		</DecalOffset>
		<DecalSize>
			<CX>20</CX>
			<CY>20</CY>
		</DecalSize>
	</Button>
	<Button item="Target_Buff7_Button">
		<ScreenID>Buff7</ScreenID>
		<Size>
			<CX>24</CX>
			<CY>24</CY>
		</Size>
		<Style_VScroll>false</Style_VScroll>
		<Style_HScroll>false</Style_HScroll>
		<Style_Transparent>false</Style_Transparent>
		<Style_Checkbox>false</Style_Checkbox>
		<DecalOffset>
			<X>2</X>
			<Y>2</Y>
		</DecalOffset>
		<DecalSize>
			<CX>20</CX>
			<CY>20</CY>
		</DecalSize>
	</Button>
	<Button item="Target_Buff8_Button">
		<ScreenID>Buff8</ScreenID>
		<Size>
			<CX>24</CX>
			<CY>24</CY>
		</Size>
		<Style_VScroll>false</Style_VScroll>
		<Style_HScroll>false</Style_HScroll>
		<Style_Transparent>false</Style_Transparent>
		<Style_Checkbox>false</Style_Checkbox>
		<DecalOffset>
			<X>2</X>
			<Y>2</Y>
		</DecalOffset>
		<DecalSize>
			<CX>20</CX>
			<CY>20</CY>
		</DecalSize>
	</Button>
	<Button item="Target_Buff9_Button">
		<ScreenID>Buff9</ScreenID>
		<Size>
			<CX>24</CX>
			<CY>24</CY>
		</Size>
		<Style_VScroll>false</Style_VScroll>
		<Style_HScroll>false</Style_HScroll>
		<Style_Transparent>false</Style_Transparent>
		<Style_Checkbox>false</Style_Checkbox>
		<DecalOffset>
			<X>2</X>
			<Y>2</Y>
		</DecalOffset>
		<DecalSize>
			<CX>20</CX>
			<CY>20</CY>
		</DecalSize>
	</Button>
	<Button item="Target_Buff10_Button">
		<ScreenID>Buff10</ScreenID>
		<Size>
			<CX>24</CX>
			<CY>24</CY>
		</Size>
		<Style_VScroll>false</Style_VScroll>
		<Style_HScroll>false</Style_HScroll>
		<Style_Transparent>false</Style_Transparent>
		<Style_Checkbox>false</Style_Checkbox>
		<DecalOffset>
			<X>2</X>
			<Y>2</Y>
		</DecalOffset>
		<DecalSize>
			<CX>20</CX>
			<CY>20</CY>
		</DecalSize>
	</Button>
	<Button item="Target_Buff11_Button">
		<ScreenID>Buff11</ScreenID>
		<Size>
			<CX>24</CX>
			<CY>24</CY>
		</Size>
		<Style_VScroll>false</Style_VScroll>
		<Style_HScroll>false</Style_HScroll>
		<Style_Transparent>false</Style_Transparent>
		<Style_Checkbox>false</Style_Checkbox>
		<DecalOffset>
			<X>2</X>
			<Y>2</Y>
		</DecalOffset>
		<DecalSize>
			<CX>20</CX>
			<CY>20</CY>
		</DecalSize>
	</Button>
	<Button item="Target_Buff12_Button">
		<ScreenID>Buff12</ScreenID>
		<Size>
			<CX>24</CX>
			<CY>24</CY>
		</Size>
		<Style_VScroll>false</Style_VScroll>
		<Style_HScroll>false</Style_HScroll>
		<Style_Transparent>false</Style_Transparent>
		<Style_Checkbox>false</Style_Checkbox>
		<DecalOffset>
			<X>2</X>
			<Y>2</Y>
		</DecalOffset>
		<DecalSize>
			<CX>20</CX>
			<CY>20</CY>
		</DecalSize>
	</Button>
	<Button item="Target_Buff13_Button">
		<ScreenID>Buff13</ScreenID>
		<Size>
			<CX>24</CX>
			<CY>24</CY>
		</Size>
		<Style_VScroll>false</Style_VScroll>
		<Style_HScroll>false</Style_HScroll>
		<Style_Transparent>false</Style_Transparent>
		<Style_Checkbox>false</Style_Checkbox>
		<DecalOffset>
			<X>2</X>
			<Y>2</Y>
		</DecalOffset>
		<DecalSize>
			<CX>20</CX>
			<CY>20</CY>
		</DecalSize>
	</Button>
	<Button item="Target_Buff14_Button">
		<ScreenID>Buff14</ScreenID>
		<Size>
			<CX>24</CX>
			<CY>24</CY>
		</Size>
		<Style_VScroll>false</Style_VScroll>
		<Style_HScroll>false</Style_HScroll>
		<Style_Transparent>false</Style_Transparent>
		<Style_Checkbox>false</Style_Checkbox>
		<DecalOffset>
			<X>2</X>
			<Y>2</Y>
		</DecalOffset>
		<DecalSize>
			<CX>20</CX>
			<CY>20</CY>
		</DecalSize>
	</Button>
	<Button item="Target_Buff15_Button">
		<ScreenID>Buff15</ScreenID>
		<Size>
			<CX>24</CX>
			<CY>24</CY>
		</Size>
		<Style_VScroll>false</Style_VScroll>
		<Style_HScroll>false</Style_HScroll>
		<Style_Transparent>false</Style_Transparent>
		<Style_Checkbox>false</Style_Checkbox>
		<DecalOffset>
			<X>2</X>
			<Y>2</Y>
		</DecalOffset>
		<DecalSize>
			<CX>20</CX>
			<CY>20</CY>
		</DecalSize>
	</Button>
	<Button item="Target_Buff16_Button">
		<ScreenID>Buff16</ScreenID>
		<Size>
			<CX>24</CX>
			<CY>24</CY>
		</Size>
		<Style_VScroll>false</Style_VScroll>
		<Style_HScroll>false</Style_HScroll>
		<Style_Transparent>false</Style_Transparent>
		<Style_Checkbox>false</Style_Checkbox>
		<DecalOffset>
			<X>2</X>
			<Y>2</Y>
		</DecalOffset>
		<DecalSize>
			<CX>20</CX>
			<CY>20</CY>
		</DecalSize>
	</Button>
	<Button item="Target_Buff17_Button">
		<ScreenID>Buff17</ScreenID>
		<Size>
			<CX>24</CX>
			<CY>24</CY>
		</Size>
		<Style_VScroll>false</Style_VScroll>
		<Style_HScroll>false</Style_HScroll>
		<Style_Transparent>false</Style_Transparent>
		<Style_Checkbox>false</Style_Checkbox>
		<DecalOffset>
			<X>2</X>
			<Y>2</Y>
		</DecalOffset>
		<DecalSize>
			<CX>20</CX>
			<CY>20</CY>
		</DecalSize>
	</Button>
	<Button item="Target_Buff18_Button">
		<ScreenID>Buff18</ScreenID>
		<Size>
			<CX>24</CX>
			<CY>24</CY>
		</Size>
		<Style_VScroll>false</Style_VScroll>
		<Style_HScroll>false</Style_HScroll>
		<Style_Transparent>false</Style_Transparent>
		<Style_Checkbox>false</Style_Checkbox>
		<DecalOffset>
			<X>2</X>
			<Y>2</Y>
		</DecalOffset>
		<DecalSize>
			<CX>20</CX>
			<CY>20</CY>
		</DecalSize>
	</Button>
	<Button item="Target_Buff19_Button">
		<ScreenID>Buff19</ScreenID>
		<Size>
			<CX>24</CX>
			<CY>24</CY>
		</Size>
		<Style_VScroll>false</Style_VScroll>
		<Style_HScroll>false</Style_HScroll>
		<Style_Transparent>false</Style_Transparent>
		<Style_Checkbox>false</Style_Checkbox>
		<DecalOffset>
			<X>2</X>
			<Y>2</Y>
		</DecalOffset>
		<DecalSize>
			<CX>20</CX>
			<CY>20</CY>
		</DecalSize>
	</Button>
	<Button item="Target_Buff20_Button">
		<ScreenID>Buff20</ScreenID>
		<Size>
			<CX>24</CX>
			<CY>24</CY>
		</Size>
		<Style_VScroll>false</Style_VScroll>
		<Style_HScroll>false</Style_HScroll>
		<Style_Transparent>false</Style_Transparent>
		<Style_Checkbox>false</Style_Checkbox>
		<DecalOffset>
			<X>2</X>
			<Y>2</Y>
		</DecalOffset>
		<DecalSize>
			<CX>20</CX>
			<CY>20</CY>
		</DecalSize>
	</Button>
	<Button item="Target_Buff21_Button">
		<ScreenID>Buff21</ScreenID>
		<Size>
			<CX>24</CX>
			<CY>24</CY>
		</Size>
		<Style_VScroll>false</Style_VScroll>
		<Style_HScroll>false</Style_HScroll>
		<Style_Transparent>false</Style_Transparent>
		<Style_Checkbox>false</Style_Checkbox>
		<DecalOffset>
			<X>2</X>
			<Y>2</Y>
		</DecalOffset>
		<DecalSize>
			<CX>20</CX>
			<CY>20</CY>
		</DecalSize>
	</Button>
	<Button item="Target_Buff22_Button">
		<ScreenID>Buff22</ScreenID>
		<Size>
			<CX>24</CX>
			<CY>24</CY>
		</Size>
		<Style_VScroll>false</Style_VScroll>
		<Style_HScroll>false</Style_HScroll>
		<Style_Transparent>false</Style_Transparent>
		<Style_Checkbox>false</Style_Checkbox>
		<DecalOffset>
			<X>2</X>
			<Y>2</Y>
		</DecalOffset>
		<DecalSize>
			<CX>20</CX>
			<CY>20</CY>
		</DecalSize>
	</Button>
	<Button item="Target_Buff23_Button">
		<ScreenID>Buff23</ScreenID>
		<Size>
			<CX>24</CX>
			<CY>24</CY>
		</Size>
		<Style_VScroll>false</Style_VScroll>
		<Style_HScroll>false</Style_HScroll>
		<Style_Transparent>false</Style_Transparent>
		<Style_Checkbox>false</Style_Checkbox>
		<DecalOffset>
			<X>2</X>
			<Y>2</Y>
		</DecalOffset>
		<DecalSize>
			<CX>20</CX>
			<CY>20</CY>
		</DecalSize>
	</Button>
	<Button item="Target_Buff24_Button">
		<ScreenID>Buff24</ScreenID>
		<Size>
			<CX>24</CX>
			<CY>24</CY>
		</Size>
		<Style_VScroll>false</Style_VScroll>
		<Style_HScroll>false</Style_HScroll>
		<Style_Transparent>false</Style_Transparent>
		<Style_Checkbox>false</Style_Checkbox>
		<DecalOffset>
			<X>2</X>
			<Y>2</Y>
		</DecalOffset>
		<DecalSize>
			<CX>20</CX>
			<CY>20</CY>
		</DecalSize>
	</Button>
	<Button item="Target_Buff25_Button">
		<ScreenID>Buff25</ScreenID>
		<Size>
			<CX>24</CX>
			<CY>24</CY>
		</Size>
		<Style_VScroll>false</Style_VScroll>
		<Style_HScroll>false</Style_HScroll>
		<Style_Transparent>false</Style_Transparent>
		<Style_Checkbox>false</Style_Checkbox>
		<DecalOffset>
			<X>2</X>
			<Y>2</Y>
		</DecalOffset>
		<DecalSize>
			<CX>20</CX>
			<CY>20</CY>
		</DecalSize>
	</Button>
	<Button item="Target_Buff26_Button">
		<ScreenID>Buff26</ScreenID>
		<Size>
			<CX>24</CX>
			<CY>24</CY>
		</Size>
		<Style_VScroll>false</Style_VScroll>
		<Style_HScroll>false</Style_HScroll>
		<Style_Transparent>false</Style_Transparent>
		<Style_Checkbox>false</Style_Checkbox>
		<DecalOffset>
			<X>2</X>
			<Y>2</Y>
		</DecalOffset>
		<DecalSize>
			<CX>20</CX>
			<CY>20</CY>
		</DecalSize>
	</Button>
	<Button item="Target_Buff27_Button">
		<ScreenID>Buff27</ScreenID>
		<Size>
			<CX>24</CX>
			<CY>24</CY>
		</Size>
		<Style_VScroll>false</Style_VScroll>
		<Style_HScroll>false</Style_HScroll>
		<Style_Transparent>false</Style_Transparent>
		<Style_Checkbox>false</Style_Checkbox>
		<DecalOffset>
			<X>2</X>
			<Y>2</Y>
		</DecalOffset>
		<DecalSize>
			<CX>20</CX>
			<CY>20</CY>
		</DecalSize>
	</Button>
	<Button item="Target_Buff28_Button">
		<ScreenID>Buff28</ScreenID>
		<Size>
			<CX>24</CX>
			<CY>24</CY>
		</Size>
		<Style_VScroll>false</Style_VScroll>
		<Style_HScroll>false</Style_HScroll>
		<Style_Transparent>false</Style_Transparent>
		<Style_Checkbox>false</Style_Checkbox>
		<DecalOffset>
			<X>2</X>
			<Y>2</Y>
		</DecalOffset>
		<DecalSize>
			<CX>20</CX>
			<CY>20</CY>
		</DecalSize>
	</Button>
	<Button item="Target_Buff29_Button">
		<ScreenID>Buff29</ScreenID>
		<Size>
			<CX>24</CX>
			<CY>24</CY>
		</Size>
		<Style_VScroll>false</Style_VScroll>
		<Style_HScroll>false</Style_HScroll>
		<Style_Transparent>false</Style_Transparent>
		<Style_Checkbox>false</Style_Checkbox>
		<DecalOffset>
			<X>2</X>
			<Y>2</Y>
		</DecalOffset>
		<DecalSize>
			<CX>20</CX>
			<CY>20</CY>
		</DecalSize>
	</Button>
	<Button item="Target_Buff30_Button">
		<ScreenID>Buff30</ScreenID>
		<Size>
			<CX>24</CX>
			<CY>24</CY>
		</Size>
		<Style_VScroll>false</Style_VScroll>
		<Style_HScroll>false</Style_HScroll>
		<Style_Transparent>false</Style_Transparent>
		<Style_Checkbox>false</Style_Checkbox>
		<DecalOffset>
			<X>2</X>
			<Y>2</Y>
		</DecalOffset>
		<DecalSize>
			<CX>20</CX>
			<CY>20</CY>
		</DecalSize>
	</Button>
	<Button item="Target_Buff31_Button">
		<ScreenID>Buff31</ScreenID>
		<Size>
			<CX>24</CX>
			<CY>24</CY>
		</Size>
		<Style_VScroll>false</Style_VScroll>
		<Style_HScroll>false</Style_HScroll>
		<Style_Transparent>false</Style_Transparent>
		<Style_Checkbox>false</Style_Checkbox>
		<DecalOffset>
			<X>2</X>
			<Y>2</Y>
		</DecalOffset>
		<DecalSize>
			<CX>20</CX>
			<CY>20</CY>
		</DecalSize>
	</Button>
	<Button item="Target_Buff32_Button">
		<ScreenID>Buff32</ScreenID>
		<Size>
			<CX>24</CX>
			<CY>24</CY>
		</Size>
		<Style_VScroll>false</Style_VScroll>
		<Style_HScroll>false</Style_HScroll>
		<Style_Transparent>false</Style_Transparent>
		<Style_Checkbox>false</Style_Checkbox>
		<DecalOffset>
			<X>2</X>
			<Y>2</Y>
		</DecalOffset>
		<DecalSize>
			<CX>20</CX>
			<CY>20</CY>
		</DecalSize>
	</Button>
	<Button item="Target_Buff33_Button">
		<ScreenID>Buff33</ScreenID>
		<Size>
			<CX>24</CX>
			<CY>24</CY>
		</Size>
		<Style_VScroll>false</Style_VScroll>
		<Style_HScroll>false</Style_HScroll>
		<Style_Transparent>false</Style_Transparent>
		<Style_Checkbox>false</Style_Checkbox>
		<DecalOffset>
			<X>2</X>
			<Y>2</Y>
		</DecalOffset>
		<DecalSize>
			<CX>20</CX>
			<CY>20</CY>
		</DecalSize>
	</Button>
	<Button item="Target_Buff34_Button">
		<ScreenID>Buff34</ScreenID>
		<Size>
			<CX>24</CX>
			<CY>24</CY>
		</Size>
		<Style_VScroll>false</Style_VScroll>
		<Style_HScroll>false</Style_HScroll>
		<Style_Transparent>false</Style_Transparent>
		<Style_Checkbox>false</Style_Checkbox>
		<DecalOffset>
			<X>2</X>
			<Y>2</Y>
		</DecalOffset>
		<DecalSize>
			<CX>20</CX>
			<CY>20</CY>
		</DecalSize>
	</Button>
	<Button item="Target_Buff35_Button">
		<ScreenID>Buff35</ScreenID>
		<Size>
			<CX>24</CX>
			<CY>24</CY>
		</Size>
		<Style_VScroll>false</Style_VScroll>
		<Style_HScroll>false</Style_HScroll>
		<Style_Transparent>false</Style_Transparent>
		<Style_Checkbox>false</Style_Checkbox>
		<DecalOffset>
			<X>2</X>
			<Y>2</Y>
		</DecalOffset>
		<DecalSize>
			<CX>20</CX>
			<CY>20</CY>
		</DecalSize>
	</Button>
	<Button item="Target_Buff36_Button">
		<ScreenID>Buff36</ScreenID>
		<Size>
			<CX>24</CX>
			<CY>24</CY>
		</Size>
		<Style_VScroll>false</Style_VScroll>
		<Style_HScroll>false</Style_HScroll>
		<Style_Transparent>false</Style_Transparent>
		<Style_Checkbox>false</Style_Checkbox>
		<DecalOffset>
			<X>2</X>
			<Y>2</Y>
		</DecalOffset>
		<DecalSize>
			<CX>20</CX>
			<CY>20</CY>
		</DecalSize>
	</Button>
	<Button item="Target_Buff37_Button">
		<ScreenID>Buff37</ScreenID>
		<Size>
			<CX>24</CX>
			<CY>24</CY>
		</Size>
		<Style_VScroll>false</Style_VScroll>
		<Style_HScroll>false</Style_HScroll>
		<Style_Transparent>false</Style_Transparent>
		<Style_Checkbox>false</Style_Checkbox>
		<DecalOffset>
			<X>2</X>
			<Y>2</Y>
		</DecalOffset>
		<DecalSize>
			<CX>20</CX>
			<CY>20</CY>
		</DecalSize>
	</Button>
	<Button item="Target_Buff38_Button">
		<ScreenID>Buff38</ScreenID>
		<Size>
			<CX>24</CX>
			<CY>24</CY>
		</Size>
		<Style_VScroll>false</Style_VScroll>
		<Style_HScroll>false</Style_HScroll>
		<Style_Transparent>false</Style_Transparent>
		<Style_Checkbox>false</Style_Checkbox>
		<DecalOffset>
			<X>2</X>
			<Y>2</Y>
		</DecalOffset>
		<DecalSize>
			<CX>20</CX>
			<CY>20</CY>
		</DecalSize>
	</Button>
	<Button item="Target_Buff39_Button">
		<ScreenID>Buff39</ScreenID>
		<Size>
			<CX>24</CX>
			<CY>24</CY>
		</Size>
		<Style_VScroll>false</Style_VScroll>
		<Style_HScroll>false</Style_HScroll>
		<Style_Transparent>false</Style_Transparent>
		<Style_Checkbox>false</Style_Checkbox>
		<DecalOffset>
			<X>2</X>
			<Y>2</Y>
		</DecalOffset>
		<DecalSize>
			<CX>20</CX>
			<CY>20</CY>
		</DecalSize>
	</Button>
	<Button item="Target_Buff40_Button">
		<ScreenID>Buff40</ScreenID>
		<Size>
			<CX>24</CX>
			<CY>24</CY>
		</Size>
		<Style_VScroll>false</Style_VScroll>
		<Style_HScroll>false</Style_HScroll>
		<Style_Transparent>false</Style_Transparent>
		<Style_Checkbox>false</Style_Checkbox>
		<DecalOffset>
			<X>2</X>
			<Y>2</Y>
		</DecalOffset>
		<DecalSize>
			<CX>20</CX>
			<CY>20</CY>
		</DecalSize>
	</Button>
	<Button item="Target_Buff41_Button">
		<ScreenID>Buff41</ScreenID>
		<Size>
			<CX>24</CX>
			<CY>24</CY>
		</Size>
		<Style_VScroll>false</Style_VScroll>
		<Style_HScroll>false</Style_HScroll>
		<Style_Transparent>false</Style_Transparent>
		<Style_Checkbox>false</Style_Checkbox>
		<DecalOffset>
			<X>2</X>
			<Y>2</Y>
		</DecalOffset>
		<DecalSize>
			<CX>20</CX>
			<CY>20</CY>
		</DecalSize>
	</Button>
	<Button item="Target_Buff42_Button">
		<ScreenID>Buff42</ScreenID>
		<Size>
			<CX>24</CX>
			<CY>24</CY>
		</Size>
		<Style_VScroll>false</Style_VScroll>
		<Style_HScroll>false</Style_HScroll>
		<Style_Transparent>false</Style_Transparent>
		<Style_Checkbox>false</Style_Checkbox>
		<DecalOffset>
			<X>2</X>
			<Y>2</Y>
		</DecalOffset>
		<DecalSize>
			<CX>20</CX>
			<CY>20</CY>
		</DecalSize>
	</Button>
	<Button item="Target_Buff43_Button">
		<ScreenID>Buff43</ScreenID>
		<Size>
			<CX>24</CX>
			<CY>24</CY>
		</Size>
		<Style_VScroll>false</Style_VScroll>
		<Style_HScroll>false</Style_HScroll>
		<Style_Transparent>false</Style_Transparent>
		<Style_Checkbox>false</Style_Checkbox>
		<DecalOffset>
			<X>2</X>
			<Y>2</Y>
		</DecalOffset>
		<DecalSize>
			<CX>20</CX>
			<CY>20</CY>
		</DecalSize>
	</Button>
	<Button item="Target_Buff44_Button">
		<ScreenID>Buff44</ScreenID>
		<Size>
			<CX>24</CX>
			<CY>24</CY>
		</Size>
		<Style_VScroll>false</Style_VScroll>
		<Style_HScroll>false</Style_HScroll>
		<Style_Transparent>false</Style_Transparent>
		<Style_Checkbox>false</Style_Checkbox>
		<DecalOffset>
			<X>2</X>
			<Y>2</Y>
		</DecalOffset>
		<DecalSize>
			<CX>20</CX>
			<CY>20</CY>
		</DecalSize>
	</Button>
	<Button item="Target_Buff45_Button">
		<ScreenID>Buff45</ScreenID>
		<Size>
			<CX>24</CX>
			<CY>24</CY>
		</Size>
		<Style_VScroll>false</Style_VScroll>
		<Style_HScroll>false</Style_HScroll>
		<Style_Transparent>false</Style_Transparent>
		<Style_Checkbox>false</Style_Checkbox>
		<DecalOffset>
			<X>2</X>
			<Y>2</Y>
		</DecalOffset>
		<DecalSize>
			<CX>20</CX>
			<CY>20</CY>
		</DecalSize>
	</Button>
	<Button item="Target_Buff46_Button">
		<ScreenID>Buff46</ScreenID>
		<Size>
			<CX>24</CX>
			<CY>24</CY>
		</Size>
		<Style_VScroll>false</Style_VScroll>
		<Style_HScroll>false</Style_HScroll>
		<Style_Transparent>false</Style_Transparent>
		<Style_Checkbox>false</Style_Checkbox>
		<DecalOffset>
			<X>2</X>
			<Y>2</Y>
		</DecalOffset>
		<DecalSize>
			<CX>20</CX>
			<CY>20</CY>
		</DecalSize>
	</Button>
	<Button item="Target_Buff47_Button">
		<ScreenID>Buff47</ScreenID>
		<Size>
			<CX>24</CX>
			<CY>24</CY>
		</Size>
		<Style_VScroll>false</Style_VScroll>
		<Style_HScroll>false</Style_HScroll>
		<Style_Transparent>false</Style_Transparent>
		<Style_Checkbox>false</Style_Checkbox>
		<DecalOffset>
			<X>2</X>
			<Y>2</Y>
		</DecalOffset>
		<DecalSize>
			<CX>20</CX>
			<CY>20</CY>
		</DecalSize>
	</Button>
	<Button item="Target_Buff48_Button">
		<ScreenID>Buff48</ScreenID>
		<Size>
			<CX>24</CX>
			<CY>24</CY>
		</Size>
		<Style_VScroll>false</Style_VScroll>
		<Style_HScroll>false</Style_HScroll>
		<Style_Transparent>false</Style_Transparent>
		<Style_Checkbox>false</Style_Checkbox>
		<DecalOffset>
			<X>2</X>
			<Y>2</Y>
		</DecalOffset>
		<DecalSize>
			<CX>20</CX>
			<CY>20</CY>
		</DecalSize>
	</Button>
	<Button item="Target_Buff49_Button">
		<ScreenID>Buff49</ScreenID>
		<Size>
			<CX>24</CX>
			<CY>24</CY>
		</Size>
		<Style_VScroll>false</Style_VScroll>
		<Style_HScroll>false</Style_HScroll>
		<Style_Transparent>false</Style_Transparent>
		<Style_Checkbox>false</Style_Checkbox>
		<DecalOffset>
			<X>2</X>
			<Y>2</Y>
		</DecalOffset>
		<DecalSize>
			<CX>20</CX>
			<CY>20</CY>
		</DecalSize>
	</Button>
	<Button item="Target_Buff50_Button">
		<ScreenID>Buff50</ScreenID>
		<Size>
			<CX>24</CX>
			<CY>24</CY>
		</Size>
		<Style_VScroll>false</Style_VScroll>
		<Style_HScroll>false</Style_HScroll>
		<Style_Transparent>false</Style_Transparent>
		<Style_Checkbox>false</Style_Checkbox>
		<DecalOffset>
			<X>2</X>
			<Y>2</Y>
		</DecalOffset>
		<DecalSize>
			<CX>20</CX>
			<CY>20</CY>
		</DecalSize>
	</Button>
	<Button item="Target_Buff51_Button">
		<ScreenID>Buff51</ScreenID>
		<Size>
			<CX>24</CX>
			<CY>24</CY>
		</Size>
		<Style_VScroll>false</Style_VScroll>
		<Style_HScroll>false</Style_HScroll>
		<Style_Transparent>false</Style_Transparent>
		<Style_Checkbox>false</Style_Checkbox>
		<DecalOffset>
			<X>2</X>
			<Y>2</Y>
		</DecalOffset>
		<DecalSize>
			<CX>20</CX>
			<CY>20</CY>
		</DecalSize>
	</Button>
	<Button item="Target_Buff52_Button">
		<ScreenID>Buff52</ScreenID>
		<Size>
			<CX>24</CX>
			<CY>24</CY>
		</Size>
		<Style_VScroll>false</Style_VScroll>
		<Style_HScroll>false</Style_HScroll>
		<Style_Transparent>false</Style_Transparent>
		<Style_Checkbox>false</Style_Checkbox>
		<DecalOffset>
			<X>2</X>
			<Y>2</Y>
		</DecalOffset>
		<DecalSize>
			<CX>20</CX>
			<CY>20</CY>
		</DecalSize>
	</Button>
	<Button item="Target_Buff53_Button">
		<ScreenID>Buff53</ScreenID>
		<Size>
			<CX>24</CX>
			<CY>24</CY>
		</Size>
		<Style_VScroll>false</Style_VScroll>
		<Style_HScroll>false</Style_HScroll>
		<Style_Transparent>false</Style_Transparent>
		<Style_Checkbox>false</Style_Checkbox>
		<DecalOffset>
			<X>2</X>
			<Y>2</Y>
		</DecalOffset>
		<DecalSize>
			<CX>20</CX>
			<CY>20</CY>
		</DecalSize>
	</Button>
	<Button item="Target_Buff54_Button">
		<ScreenID>Buff54</ScreenID>
		<Size>
			<CX>24</CX>
			<CY>24</CY>
		</Size>
		<Style_VScroll>false</Style_VScroll>
		<Style_HScroll>false</Style_HScroll>
		<Style_Transparent>false</Style_Transparent>
		<Style_Checkbox>false</Style_Checkbox>
		<DecalOffset>
			<X>2</X>
			<Y>2</Y>
		</DecalOffset>
		<DecalSize>
			<CX>20</CX>
			<CY>20</CY>
		</DecalSize>
	</Button>
	<Button item="Target_Buff55_Button">
		<ScreenID>Buff55</ScreenID>
		<Size>
			<CX>24</CX>
			<CY>24</CY>
		</Size>
		<Style_VScroll>false</Style_VScroll>
		<Style_HScroll>false</Style_HScroll>
		<Style_Transparent>false</Style_Transparent>
		<Style_Checkbox>false</Style_Checkbox>
		<DecalOffset>
			<X>2</X>
			<Y>2</Y>
		</DecalOffset>
		<DecalSize>
			<CX>20</CX>
			<CY>20</CY>
		</DecalSize>
	</Button>
	<Button item="Target_Buff56_Button">
		<ScreenID>Buff56</ScreenID>
		<Size>
			<CX>24</CX>
			<CY>24</CY>
		</Size>
		<Style_VScroll>false</Style_VScroll>
		<Style_HScroll>false</Style_HScroll>
		<Style_Transparent>false</Style_Transparent>
		<Style_Checkbox>false</Style_Checkbox>
		<DecalOffset>
			<X>2</X>
			<Y>2</Y>
		</DecalOffset>
		<DecalSize>
			<CX>20</CX>
			<CY>20</CY>
		</DecalSize>
	</Button>
	<Button item="Target_Buff57_Button">
		<ScreenID>Buff57</ScreenID>
		<Size>
			<CX>24</CX>
			<CY>24</CY>
		</Size>
		<Style_VScroll>false</Style_VScroll>
		<Style_HScroll>false</Style_HScroll>
		<Style_Transparent>false</Style_Transparent>
		<Style_Checkbox>false</Style_Checkbox>
		<DecalOffset>
			<X>2</X>
			<Y>2</Y>
		</DecalOffset>
		<DecalSize>
			<CX>20</CX>
			<CY>20</CY>
		</DecalSize>
	</Button>
	<Button item="Target_Buff58_Button">
		<ScreenID>Buff58</ScreenID>
		<Size>
			<CX>24</CX>
			<CY>24</CY>
		</Size>
		<Style_VScroll>false</Style_VScroll>
		<Style_HScroll>false</Style_HScroll>
		<Style_Transparent>false</Style_Transparent>
		<Style_Checkbox>false</Style_Checkbox>
		<DecalOffset>
			<X>2</X>
			<Y>2</Y>
		</DecalOffset>
		<DecalSize>
			<CX>20</CX>
			<CY>20</CY>
		</DecalSize>
	</Button>
	<Button item="Target_Buff59_Button">
		<ScreenID>Buff59</ScreenID>
		<Size>
			<CX>24</CX>
			<CY>24</CY>
		</Size>
		<Style_VScroll>false</Style_VScroll>
		<Style_HScroll>false</Style_HScroll>
		<Style_Transparent>false</Style_Transparent>
		<Style_Checkbox>false</Style_Checkbox>
		<DecalOffset>
			<X>2</X>
			<Y>2</Y>
		</DecalOffset>
		<DecalSize>
			<CX>20</CX>
			<CY>20</CY>
		</DecalSize>
	</Button>
	<Button item="Target_Buff60_Button">
		<ScreenID>Buff60</ScreenID>
		<Size>
			<CX>24</CX>
			<CY>24</CY>
		</Size>
		<Style_VScroll>false</Style_VScroll>
		<Style_HScroll>false</Style_HScroll>
		<Style_Transparent>false</Style_Transparent>
		<Style_Checkbox>false</Style_Checkbox>
		<DecalOffset>
			<X>2</X>
			<Y>2</Y>
		</DecalOffset>
		<DecalSize>
			<CX>20</CX>
			<CY>20</CY>
		</DecalSize>
	</Button>
	<Button item="Target_Buff61_Button">
		<ScreenID>Buff61</ScreenID>
		<Size>
			<CX>24</CX>
			<CY>24</CY>
		</Size>
		<Style_VScroll>false</Style_VScroll>
		<Style_HScroll>false</Style_HScroll>
		<Style_Transparent>false</Style_Transparent>
		<Style_Checkbox>false</Style_Checkbox>
		<DecalOffset>
			<X>2</X>
			<Y>2</Y>
		</DecalOffset>
		<DecalSize>
			<CX>20</CX>
			<CY>20</CY>
		</DecalSize>
	</Button>
	<Button item="Target_Buff62_Button">
		<ScreenID>Buff62</ScreenID>
		<Size>
			<CX>24</CX>
			<CY>24</CY>
		</Size>
		<Style_VScroll>false</Style_VScroll>
		<Style_HScroll>false</Style_HScroll>
		<Style_Transparent>false</Style_Transparent>
		<Style_Checkbox>false</Style_Checkbox>
		<DecalOffset>
			<X>2</X>
			<Y>2</Y>
		</DecalOffset>
		<DecalSize>
			<CX>20</CX>
			<CY>20</CY>
		</DecalSize>
	</Button>
	<Button item="Target_Buff63_Button">
		<ScreenID>Buff63</ScreenID>
		<Size>
			<CX>24</CX>
			<CY>24</CY>
		</Size>
		<Style_VScroll>false</Style_VScroll>
		<Style_HScroll>false</Style_HScroll>
		<Style_Transparent>false</Style_Transparent>
		<Style_Checkbox>false</Style_Checkbox>
		<DecalOffset>
			<X>2</X>
			<Y>2</Y>
		</DecalOffset>
		<DecalSize>
			<CX>20</CX>
			<CY>20</CY>
		</DecalSize>
	</Button>
	<Button item="Target_Buff64_Button">
		<ScreenID>Buff64</ScreenID>
		<Size>
			<CX>24</CX>
			<CY>24</CY>
		</Size>
		<Style_VScroll>false</Style_VScroll>
		<Style_HScroll>false</Style_HScroll>
		<Style_Transparent>false</Style_Transparent>
		<Style_Checkbox>false</Style_Checkbox>
		<DecalOffset>
			<X>2</X>
			<Y>2</Y>
		</DecalOffset>
		<DecalSize>
			<CX>20</CX>
			<CY>20</CY>
		</DecalSize>
	</Button>
	<Button item="Target_Buff65_Button">
		<ScreenID>Buff65</ScreenID>
		<Size>
			<CX>24</CX>
			<CY>24</CY>
		</Size>
		<Style_VScroll>false</Style_VScroll>
		<Style_HScroll>false</Style_HScroll>
		<Style_Transparent>false</Style_Transparent>
		<Style_Checkbox>false</Style_Checkbox>
		<DecalOffset>
			<X>2</X>
			<Y>2</Y>
		</DecalOffset>
		<DecalSize>
			<CX>20</CX>
			<CY>20</CY>
		</DecalSize>
	</Button>
	<Button item="Target_Buff66_Button">
		<ScreenID>Buff66</ScreenID>
		<Size>
			<CX>24</CX>
			<CY>24</CY>
		</Size>
		<Style_VScroll>false</Style_VScroll>
		<Style_HScroll>false</Style_HScroll>
		<Style_Transparent>false</Style_Transparent>
		<Style_Checkbox>false</Style_Checkbox>
		<DecalOffset>
			<X>2</X>
			<Y>2</Y>
		</DecalOffset>
		<DecalSize>
			<CX>20</CX>
			<CY>20</CY>
		</DecalSize>
	</Button>
	<Button item="Target_Buff67_Button">
		<ScreenID>Buff67</ScreenID>
		<Size>
			<CX>24</CX>
			<CY>24</CY>
		</Size>
		<Style_VScroll>false</Style_VScroll>
		<Style_HScroll>false</Style_HScroll>
		<Style_Transparent>false</Style_Transparent>
		<Style_Checkbox>false</Style_Checkbox>
		<DecalOffset>
			<X>2</X>
			<Y>2</Y>
		</DecalOffset>
		<DecalSize>
			<CX>20</CX>
			<CY>20</CY>
		</DecalSize>
	</Button>
	<Button item="Target_Buff68_Button">
		<ScreenID>Buff68</ScreenID>
		<Size>
			<CX>24</CX>
			<CY>24</CY>
		</Size>
		<Style_VScroll>false</Style_VScroll>
		<Style_HScroll>false</Style_HScroll>
		<Style_Transparent>false</Style_Transparent>
		<Style_Checkbox>false</Style_Checkbox>
		<DecalOffset>
			<X>2</X>
			<Y>2</Y>
		</DecalOffset>
		<DecalSize>
			<CX>20</CX>
			<CY>20</CY>
		</DecalSize>
	</Button>
	<Button item="Target_Buff69_Button">
		<ScreenID>Buff69</ScreenID>
		<Size>
			<CX>24</CX>
			<CY>24</CY>
		</Size>
		<Style_VScroll>false</Style_VScroll>
		<Style_HScroll>false</Style_HScroll>
		<Style_Transparent>false</Style_Transparent>
		<Style_Checkbox>false</Style_Checkbox>
		<DecalOffset>
			<X>2</X>
			<Y>2</Y>
		</DecalOffset>
		<DecalSize>
			<CX>20</CX>
			<CY>20</CY>
		</DecalSize>
	</Button>
	<Button item="Target_Buff70_Button">
		<ScreenID>Buff70</ScreenID>
		<Size>
			<CX>24</CX>
			<CY>24</CY>
		</Size>
		<Style_VScroll>false</Style_VScroll>
		<Style_HScroll>false</Style_HScroll>
		<Style_Transparent>false</Style_Transparent>
		<Style_Checkbox>false</Style_Checkbox>
		<DecalOffset>
			<X>2</X>
			<Y>2</Y>
		</DecalOffset>
		<DecalSize>
			<CX>20</CX>
			<CY>20</CY>
		</DecalSize>
	</Button>
	<Button item="Target_Buff71_Button">
		<ScreenID>Buff71</ScreenID>
		<Size>
			<CX>24</CX>
			<CY>24</CY>
		</Size>
		<Style_VScroll>false</Style_VScroll>
		<Style_HScroll>false</Style_HScroll>
		<Style_Transparent>false</Style_Transparent>
		<Style_Checkbox>false</Style_Checkbox>
		<DecalOffset>
			<X>2</X>
			<Y>2</Y>
		</DecalOffset>
		<DecalSize>
			<CX>20</CX>
			<CY>20</CY>
		</DecalSize>
	</Button>
	<Button item="Target_Buff72_Button">
		<ScreenID>Buff72</ScreenID>
		<Size>
			<CX>24</CX>
			<CY>24</CY>
		</Size>
		<Style_VScroll>false</Style_VScroll>
		<Style_HScroll>false</Style_HScroll>
		<Style_Transparent>false</Style_Transparent>
		<Style_Checkbox>false</Style_Checkbox>
		<DecalOffset>
			<X>2</X>
			<Y>2</Y>
		</DecalOffset>
		<DecalSize>
			<CX>20</CX>
			<CY>20</CY>
		</DecalSize>
	</Button>
	<Button item="Target_Buff73_Button">
		<ScreenID>Buff73</ScreenID>
		<Size>
			<CX>24</CX>
			<CY>24</CY>
		</Size>
		<Style_VScroll>false</Style_VScroll>
		<Style_HScroll>false</Style_HScroll>
		<Style_Transparent>false</Style_Transparent>
		<Style_Checkbox>false</Style_Checkbox>
		<DecalOffset>
			<X>2</X>
			<Y>2</Y>
		</DecalOffset>
		<DecalSize>
			<CX>20</CX>
			<CY>20</CY>
		</DecalSize>
	</Button>
	<Button item="Target_Buff74_Button">
		<ScreenID>Buff74</ScreenID>
		<Size>
			<CX>24</CX>
			<CY>24</CY>
		</Size>
		<Style_VScroll>false</Style_VScroll>
		<Style_HScroll>false</Style_HScroll>
		<Style_Transparent>false</Style_Transparent>
		<Style_Checkbox>false</Style_Checkbox>
		<DecalOffset>
			<X>2</X>
			<Y>2</Y>
		</DecalOffset>
		<DecalSize>
			<CX>20</CX>
			<CY>20</CY>
		</DecalSize>
	</Button>
	<Button item="Target_Buff75_Button">
		<ScreenID>Buff75</ScreenID>
		<Size>
			<CX>24</CX>
			<CY>24</CY>
		</Size>
		<Style_VScroll>false</Style_VScroll>
		<Style_HScroll>false</Style_HScroll>
		<Style_Transparent>false</Style_Transparent>
		<Style_Checkbox>false</Style_Checkbox>
		<DecalOffset>
			<X>2</X>
			<Y>2</Y>
		</DecalOffset>
		<DecalSize>
			<CX>20</CX>
			<CY>20</CY>
		</DecalSize>
	</Button>
	<Button item="Target_Buff76_Button">
		<ScreenID>Buff76</ScreenID>
		<Size>
			<CX>24</CX>
			<CY>24</CY>
		</Size>
		<Style_VScroll>false</Style_VScroll>
		<Style_HScroll>false</Style_HScroll>
		<Style_Transparent>false</Style_Transparent>
		<Style_Checkbox>false</Style_Checkbox>
		<DecalOffset>
			<X>2</X>
			<Y>2</Y>
		</DecalOffset>
		<DecalSize>
			<CX>20</CX>
			<CY>20</CY>
		</DecalSize>
	</Button>
	<Button item="Target_Buff77_Button">
		<ScreenID>Buff77</ScreenID>
		<Size>
			<CX>24</CX>
			<CY>24</CY>
		</Size>
		<Style_VScroll>false</Style_VScroll>
		<Style_HScroll>false</Style_HScroll>
		<Style_Transparent>false</Style_Transparent>
		<Style_Checkbox>false</Style_Checkbox>
		<DecalOffset>
			<X>2</X>
			<Y>2</Y>
		</DecalOffset>
		<DecalSize>
			<CX>20</CX>
			<CY>20</CY>
		</DecalSize>
	</Button>
	<Button item="Target_Buff78_Button">
		<ScreenID>Buff78</ScreenID>
		<Size>
			<CX>24</CX>
			<CY>24</CY>
		</Size>
		<Style_VScroll>false</Style_VScroll>
		<Style_HScroll>false</Style_HScroll>
		<Style_Transparent>false</Style_Transparent>
		<Style_Checkbox>false</Style_Checkbox>
		<DecalOffset>
			<X>2</X>
			<Y>2</Y>
		</DecalOffset>
		<DecalSize>
			<CX>20</CX>
			<CY>20</CY>
		</DecalSize>
	</Button>
	<Button item="Target_Buff79_Button">
		<ScreenID>Buff79</ScreenID>
		<Size>
			<CX>24</CX>
			<CY>24</CY>
		</Size>
		<Style_VScroll>false</Style_VScroll>
		<Style_HScroll>false</Style_HScroll>
		<Style_Transparent>false</Style_Transparent>
		<Style_Checkbox>false</Style_Checkbox>
		<DecalOffset>
			<X>2</X>
			<Y>2</Y>
		</DecalOffset>
		<DecalSize>
			<CX>20</CX>
			<CY>20</CY>
		</DecalSize>
	</Button>
	<Button item="Target_Buff80_Button">
		<ScreenID>Buff80</ScreenID>
		<Size>
			<CX>24</CX>
			<CY>24</CY>
		</Size>
		<Style_VScroll>false</Style_VScroll>
		<Style_HScroll>false</Style_HScroll>
		<Style_Transparent>false</Style_Transparent>
		<Style_Checkbox>false</Style_Checkbox>
		<DecalOffset>
			<X>2</X>
			<Y>2</Y>
		</DecalOffset>
		<DecalSize>
			<CX>20</CX>
			<CY>20</CY>
		</DecalSize>
	</Button>
	<Button item="Target_Buff81_Button">
		<ScreenID>Buff81</ScreenID>
		<Size>
			<CX>24</CX>
			<CY>24</CY>
		</Size>
		<Style_VScroll>false</Style_VScroll>
		<Style_HScroll>false</Style_HScroll>
		<Style_Transparent>false</Style_Transparent>
		<Style_Checkbox>false</Style_Checkbox>
		<DecalOffset>
			<X>2</X>
			<Y>2</Y>
		</DecalOffset>
		<DecalSize>
			<CX>20</CX>
			<CY>20</CY>
		</DecalSize>
	</Button>
	<Button item="Target_Buff82_Button">
		<ScreenID>Buff82</ScreenID>
		<Size>
			<CX>24</CX>
			<CY>24</CY>
		</Size>
		<Style_VScroll>false</Style_VScroll>
		<Style_HScroll>false</Style_HScroll>
		<Style_Transparent>false</Style_Transparent>
		<Style_Checkbox>false</Style_Checkbox>
		<DecalOffset>
			<X>2</X>
			<Y>2</Y>
		</DecalOffset>
		<DecalSize>
			<CX>20</CX>
			<CY>20</CY>
		</DecalSize>
	</Button>
	<Button item="Target_Buff83_Button">
		<ScreenID>Buff83</ScreenID>
		<Size>
			<CX>24</CX>
			<CY>24</CY>
		</Size>
		<Style_VScroll>false</Style_VScroll>
		<Style_HScroll>false</Style_HScroll>
		<Style_Transparent>false</Style_Transparent>
		<Style_Checkbox>false</Style_Checkbox>
		<DecalOffset>
			<X>2</X>
			<Y>2</Y>
		</DecalOffset>
		<DecalSize>
			<CX>20</CX>
			<CY>20</CY>
		</DecalSize>
	</Button>
	<Button item="Target_Buff84_Button">
		<ScreenID>Buff84</ScreenID>
		<Size>
			<CX>24</CX>
			<CY>24</CY>
		</Size>
		<Style_VScroll>false</Style_VScroll>
		<Style_HScroll>false</Style_HScroll>
		<Style_Transparent>false</Style_Transparent>
		<Style_Checkbox>false</Style_Checkbox>
		<DecalOffset>
			<X>2</X>
			<Y>2</Y>
		</DecalOffset>
		<DecalSize>
			<CX>20</CX>
			<CY>20</CY>
		</DecalSize>
	</Button>
	<TileLayoutBox item="Target_Buttons">
		<RelativePosition>true</RelativePosition>
		<AutoStretch>true</AutoStretch>
		<BottomAnchorToTop>false</BottomAnchorToTop>
		<RightAnchorToLeft>false</RightAnchorToLeft>
		<Style_Transparent>true</Style_Transparent>
		<Spacing>0</Spacing>
		<SecondarySpacing>0</SecondarySpacing>
		<HorizontalFirst>true</HorizontalFirst>
		<AnchorToTop>true</AnchorToTop>
		<AnchorToLeft>true</AnchorToLeft>
		<FirstPieceTemplate>true</FirstPieceTemplate>
		<Pieces>Target_Buff0_Button</Pieces>
		<Pieces>Target_Buff1_Button</Pieces>
		<Pieces>Target_Buff2_Button</Pieces>
		<Pieces>Target_Buff3_Button</Pieces>
		<Pieces>Target_Buff4_Button</Pieces>
		<Pieces>Target_Buff5_Button</Pieces>
		<Pieces>Target_Buff6_Button</Pieces>
		<Pieces>Target_Buff7_Button</Pieces>
		<Pieces>Target_Buff8_Button</Pieces>
		<Pieces>Target_Buff9_Button</Pieces>
		<Pieces>Target_Buff10_Button</Pieces>
		<Pieces>Target_Buff11_Button</Pieces>
		<Pieces>Target_Buff12_Button</Pieces>
		<Pieces>Target_Buff13_Button</Pieces>
		<Pieces>Target_Buff14_Button</Pieces>
		<Pieces>Target_Buff15_Button</Pieces>
		<Pieces>Target_Buff16_Button</Pieces>
		<Pieces>Target_Buff17_Button</Pieces>
		<Pieces>Target_Buff18_Button</Pieces>
		<Pieces>Target_Buff19_Button</Pieces>
		<Pieces>Target_Buff20_Button</Pieces>
		<Pieces>Target_Buff21_Button</Pieces>
		<Pieces>Target_Buff22_Button</Pieces>
		<Pieces>Target_Buff23_Button</Pieces>
		<Pieces>Target_Buff24_Button</Pieces>
		<Pieces>Target_Buff25_Button</Pieces>
		<Pieces>Target_Buff26_Button</Pieces>
		<Pieces>Target_Buff27_Button</Pieces>
		<Pieces>Target_Buff28_Button</Pieces>
		<Pieces>Target_Buff29_Button</Pieces>
		<Pieces>Target_Buff30_Button</Pieces>
		<Pieces>Target_Buff31_Button</Pieces>
		<Pieces>Target_Buff32_Button</Pieces>
		<Pieces>Target_Buff33_Button</Pieces>
		<Pieces>Target_Buff34_Button</Pieces>
		<Pieces>Target_Buff35_Button</Pieces>
		<Pieces>Target_Buff36_Button</Pieces>
		<Pieces>Target_Buff37_Button</Pieces>
		<Pieces>Target_Buff38_Button</Pieces>
		<Pieces>Target_Buff39_Button</Pieces>
		<Pieces>Target_Buff40_Button</Pieces>
		<Pieces>Target_Buff41_Button</Pieces>
		<Pieces>Target_Buff42_Button</Pieces>
		<Pieces>Target_Buff43_Button</Pieces>
		<Pieces>Target_Buff44_Button</Pieces>
		<Pieces>Target_Buff45_Button</Pieces>
		<Pieces>Target_Buff46_Button</Pieces>
		<Pieces>Target_Buff47_Button</Pieces>
		<Pieces>Target_Buff48_Button</Pieces>
		<Pieces>Target_Buff49_Button</Pieces>
		<Pieces>Target_Buff50_Button</Pieces>
		<Pieces>Target_Buff51_Button</Pieces>
		<Pieces>Target_Buff52_Button</Pieces>
		<Pieces>Target_Buff53_Button</Pieces>
		<Pieces>Target_Buff54_Button</Pieces>
		<Pieces>Target_Buff55_Button</Pieces>
		<Pieces>Target_Buff56_Button</Pieces>
		<Pieces>Target_Buff57_Button</Pieces>
		<Pieces>Target_Buff58_Button</Pieces>
		<Pieces>Target_Buff59_Button</Pieces>
		<Pieces>Target_Buff60_Button</Pieces>
		<Pieces>Target_Buff61_Button</Pieces>
		<Pieces>Target_Buff62_Button</Pieces>
		<Pieces>Target_Buff63_Button</Pieces>
		<Pieces>Target_Buff64_Button</Pieces>
		<Pieces>Target_Buff65_Button</Pieces>
		<Pieces>Target_Buff66_Button</Pieces>
		<Pieces>Target_Buff67_Button</Pieces>
		<Pieces>Target_Buff68_Button</Pieces>
		<Pieces>Target_Buff69_Button</Pieces>
		<Pieces>Target_Buff70_Button</Pieces>
		<Pieces>Target_Buff71_Button</Pieces>
		<Pieces>Target_Buff72_Button</Pieces>
		<Pieces>Target_Buff73_Button</Pieces>
		<Pieces>Target_Buff74_Button</Pieces>
		<Pieces>Target_Buff75_Button</Pieces>
		<Pieces>Target_Buff76_Button</Pieces>
		<Pieces>Target_Buff77_Button</Pieces>
		<Pieces>Target_Buff78_Button</Pieces>
		<Pieces>Target_Buff79_Button</Pieces>
		<Pieces>Target_Buff80_Button</Pieces>
		<Pieces>Target_Buff81_Button</Pieces>
		<Pieces>Target_Buff82_Button</Pieces>
		<Pieces>Target_Buff83_Button</Pieces>
		<Pieces>Target_Buff84_Button</Pieces>
	</TileLayoutBox>
	<Screen item="Target_BuffWindow">
		<ScreenID>BuffWindow</ScreenID>
		<RelativePosition>true</RelativePosition>
		<AutoStretch>true</AutoStretch>
		<LeftAnchorOffset>2</LeftAnchorOffset>
<!--MODIFY-->	<TopAnchorOffset>2</TopAnchorOffset>
<!--MODIFY-->	<RightAnchorOffset>2</RightAnchorOffset>
<!--MODIFY-->	<BottomAnchorOffset>2</BottomAnchorOffset>
		<BottomAnchorToTop>false</BottomAnchorToTop>
		<RightAnchorToLeft>false</RightAnchorToLeft>
		<Style_VScroll>false</Style_VScroll>
		<Style_HScroll>false</Style_HScroll>
		<Style_Transparent>false</Style_Transparent>
		<TooltipReference>Buffs on your target will show here</TooltipReference>
<!--MODIFY-->	<DrawTemplate>WDT_InnerGray</DrawTemplate>
		<Style_Titlebar>false</Style_Titlebar>
		<Style_Closebox>false</Style_Closebox>
		<Style_Minimizebox>false</Style_Minimizebox>
		<Style_Border>true</Style_Border>
		<Style_Sizable>false</Style_Sizable>
		<Pieces>TileLayoutBox:Target_Buttons</Pieces>
	</Screen>
	<Label item="Target_AggroPctPlayerLabel">
		<ScreenID>Target_AggroPctPlayerLabel</ScreenID>
		<RelativePosition>true</RelativePosition>
		<Font>2</Font>
		<Text></Text>
		<EQType>306</EQType>
		<NoWrap>true</NoWrap>
		<AutoStretch>true</AutoStretch>
		<AlignLeft>true</AlignLeft>
		<TopAnchorOffset>33</TopAnchorOffset>
		<BottomAnchorOffset>47</BottomAnchorOffset>
		<RightAnchorToLeft>false</RightAnchorToLeft>
	</Label>
	<Label item="Target_AggroNameSecondaryLabel">
		<ScreenID>Target_AggroNameSecondaryLabel</ScreenID>
		<RelativePosition>true</RelativePosition>
		<Font>2</Font>
		<Text></Text>
		<EQType>304</EQType>
		<NoWrap>true</NoWrap>
		<AutoStretch>true</AutoStretch>
		<AlignCenter>true</AlignCenter>
		<TopAnchorOffset>33</TopAnchorOffset>
		<BottomAnchorOffset>47</BottomAnchorOffset>
		<RightAnchorToLeft>false</RightAnchorToLeft>
	</Label>
	<Label item="Target_AggroPctSecondaryLabel">
		<ScreenID>Target_AggroPctSecondaryLabel</ScreenID>
		<RelativePosition>true</RelativePosition>
		<Font>2</Font>
		<Text></Text>
		<EQType>308</EQType>
		<NoWrap>true</NoWrap>
		<AutoStretch>true</AutoStretch>
		<AlignRight>true</AlignRight>
		<TopAnchorOffset>33</TopAnchorOffset>
		<BottomAnchorOffset>47</BottomAnchorOffset>
		<LeftAnchorOffset>35</LeftAnchorOffset>
		<RightAnchorToLeft>false</RightAnchorToLeft>
	</Label>
	<Screen item="TargetWindow">
		<RelativePosition>false</RelativePosition>
		<Location>
			<X>3</X>
			<Y>86</Y>
		</Location>
		<Size>
			<CX>147</CX>
			<CY>110</CY>
		</Size>
<!--ADD-->	<MinHSize>30</MinHSize>
<!--ADD-->	<MinVSize>30</MinVSize>
		<Style_VScroll>false</Style_VScroll>
		<Style_HScroll>false</Style_HScroll>
		<Style_Transparent>false</Style_Transparent>
		<TooltipReference>Your Current Target</TooltipReference>
<!--MODIFY-->	<DrawTemplate>WDT_InnerGray</DrawTemplate>
<!--MODIFY-->	<Style_Titlebar>false</Style_Titlebar>
<!--ADD-->	<Style_ClientMovable>true</Style_ClientMovable>
		<Style_Closebox>false</Style_Closebox>
		<Style_Minimizebox>false</Style_Minimizebox>
		<Style_Border>true</Style_Border>
		<Style_Sizable>true</Style_Sizable>
		<Escapable>false</Escapable>
		<Pieces>Target_HP</Pieces>
		<Pieces>Target_HPLabel</Pieces>
		<Pieces>Target_HPPercLabel</Pieces>
		<Pieces>A_TargetBoxStaticAnimTop</Pieces>
		<Pieces>A_TargetBoxStaticAnimBottom</Pieces>
		<Pieces>A_TargetBoxStaticAnimLeft</Pieces>
		<Pieces>A_TargetBoxStaticAnimRight</Pieces>
		<Pieces>A_TargetBoxStaticAnimFill</Pieces>
		<Pieces>Target_AggroPctPlayerLabel</Pieces>
		<Pieces>Target_AggroNameSecondaryLabel</Pieces>
		<Pieces>Target_AggroPctSecondaryLabel</Pieces>
		<Pieces>Target_BuffWindow</Pieces>
	</Screen>
</XML>