<?xml version="1.0" encoding="us-ascii"?>
<XML ID="EQInterfaceDefinitionLanguage">
	<Schema xmlns="EverQuestData" xmlns:dt="EverQuestDataTypes" />
	<Button item="GW_InviteButton">
		<ScreenID>InviteButton</ScreenID>
		<RelativePosition>true</RelativePosition>
		<Style_VScroll>false</Style_VScroll>
		<Style_HScroll>false</Style_HScroll>
		<Style_Transparent>false</Style_Transparent>
		<TooltipReference>Select a player and click to invite into the group</TooltipReference>
		<Style_Checkbox>false</Style_Checkbox>
		<Text>Invite</Text>
		<Template>BDT_SmallNormal</Template>
		<AutoStretch>true</AutoStretch>
<!--MODIFY-->	<TopAnchorOffset>23</TopAnchorOffset>
<!--ADD-->	<BottomAnchorOffset>2</BottomAnchorOffset>
<!--MODIFY-->	<RightAnchorOffset>60</RightAnchorOffset>
<!--ADD-->	<LeftAnchorOffset>2</LeftAnchorOffset>
		<TopAnchorToTop>false</TopAnchorToTop>
		<BottomAnchorToTop>false</BottomAnchorToTop>
	</Button>
	<Button item="GW_DisbandButton">
		<ScreenID>DisbandButton</ScreenID>
		<RelativePosition>true</RelativePosition>
		<Style_VScroll>false</Style_VScroll>
		<Style_HScroll>false</Style_HScroll>
		<Style_Transparent>false</Style_Transparent>
		<TooltipReference>Click to disband your target from the group</TooltipReference>
		<Style_Checkbox>false</Style_Checkbox>
		<Template>BDT_SmallNormal</Template>
		<Text>Disband</Text>
		<AutoStretch>true</AutoStretch>
<!--MODIFY-->	<TopAnchorOffset>23</TopAnchorOffset>
<!--ADD-->	<BottomAnchorOffset>2</BottomAnchorOffset>
		<LeftAnchorOffset>62</LeftAnchorOffset>
<!--MODIFY-->	<RightAnchorOffset>118</RightAnchorOffset>
		<TopAnchorToTop>false</TopAnchorToTop>
		<BottomAnchorToTop>false</BottomAnchorToTop>
	</Button>
	<Button item="GW_FollowButton">
		<ScreenID>FollowButton</ScreenID>
		<RelativePosition>true</RelativePosition>
		<Style_VScroll>false</Style_VScroll>
		<Style_HScroll>false</Style_HScroll>
		<Style_Transparent>false</Style_Transparent>
		<TooltipReference>Accept an invitation to group</TooltipReference>
		<Style_Checkbox>false</Style_Checkbox>
		<Text>Follow</Text>
		<Template>BDT_Normal</Template>
		<AutoStretch>true</AutoStretch>
<!--MODIFY-->	<TopAnchorOffset>23</TopAnchorOffset>
<!--MODIFY-->	<RightAnchorOffset>60</RightAnchorOffset>
<!--ADD-->	<LeftAnchorOffset>2</LeftAnchorOffset>
<!--ADD-->	<BottomAnchorOffset>2</BottomAnchorOffset>
		<TopAnchorToTop>false</TopAnchorToTop>
		<BottomAnchorToTop>false</BottomAnchorToTop>
	</Button>
	<Button item="GW_DeclineButton">
		<ScreenID>DeclineButton</ScreenID>
		<RelativePosition>true</RelativePosition>
		<Style_VScroll>false</Style_VScroll>
		<Style_HScroll>false</Style_HScroll>
		<Style_Transparent>false</Style_Transparent>
		<TooltipReference>Refuse an invtitation to group</TooltipReference>
		<Style_Checkbox>false</Style_Checkbox>
		<Template>BDT_SmallNormal</Template>
		<Text>Decline</Text>
		<AutoStretch>true</AutoStretch>
<!--MODIFY-->	<TopAnchorOffset>23</TopAnchorOffset>
<!--ADD-->	<BottomAnchorOffset>2</BottomAnchorOffset>
		<LeftAnchorOffset>62</LeftAnchorOffset>
<!--MODIFY-->	<RightAnchorOffset>118</RightAnchorOffset>
		<TopAnchorToTop>false</TopAnchorToTop>
		<BottomAnchorToTop>false</BottomAnchorToTop>
	</Button>
	<Gauge item="GW_Gauge1">
		<ScreenID>Gauge1</ScreenID>
		<TextColor>
			<R>240</R>
			<G>240</G>
			<B>240</B>
		</TextColor>
		<RelativePosition>true</RelativePosition>
		<FillTint>
			<R>220</R>
			<G>0</G>
			<B>0</B>
		</FillTint>
		<EQType>11</EQType>
		<GaugeDrawTemplate>
			<Fill>A_GaugeFill</Fill>
			<EndCapLeft>A_GaugeEndCapLeft</EndCapLeft>
			<EndCapRight>A_GaugeEndCapRight</EndCapRight>
			<Background>A_GaugeBackground</Background>
		</GaugeDrawTemplate>
		<GaugeOffsetY>15</GaugeOffsetY>
		<AutoStretch>true</AutoStretch>
		<TopAnchorOffset>2</TopAnchorOffset>
		<BottomAnchorOffset>37</BottomAnchorOffset>
		<LeftAnchorOffset>20</LeftAnchorOffset>
<!--ADD-->	<RightAnchorOffset>2</RightAnchorOffset>
		<RightAnchorToLeft>false</RightAnchorToLeft>
	</Gauge>
	<Gauge item="GW_PetGauge1">
		<ScreenID>PetGauge1</ScreenID>
		<TextOffsetY>-50</TextOffsetY>
		<GaugeOffsetY>-2</GaugeOffsetY>
		<RelativePosition>true</RelativePosition>
		<FillTint>
			<R>51</R>
			<G>192</G>
			<B>51</B>
		</FillTint>
		<EQType>17</EQType>
		<GaugeDrawTemplate>
			<Fill>A_GaugeFill</Fill>
			<EndCapLeft>A_GaugeEndCapLeft</EndCapLeft>
			<EndCapRight>A_GaugeEndCapRight</EndCapRight>
			<Background>A_GaugeBackground</Background>
		</GaugeDrawTemplate>
		<AutoStretch>true</AutoStretch>
		<TopAnchorOffset>37</TopAnchorOffset>
		<BottomAnchorOffset>43</BottomAnchorOffset>
		<LeftAnchorOffset>20</LeftAnchorOffset>
<!--ADD-->	<RightAnchorOffset>2</RightAnchorOffset>
		<RightAnchorToLeft>false</RightAnchorToLeft>
	</Gauge>
	<Gauge item="GW_ManaGauge1">
		<ScreenID>ManaGauge1</ScreenID>
		<TextOffsetY>-50</TextOffsetY>
		<GaugeOffsetY>-2</GaugeOffsetY>
		<RelativePosition>true</RelativePosition>
		<FillTint>
			<R>0</R>
			<G>128</G>
			<B>255</B>
		</FillTint>
		<EQType>31</EQType>
		<GaugeDrawTemplate>
			<Fill>A_GaugeFill</Fill>
		</GaugeDrawTemplate>
		<AutoStretch>true</AutoStretch>
		<TopAnchorOffset>28</TopAnchorOffset>
		<BottomAnchorOffset>36</BottomAnchorOffset>
		<RightAnchorToLeft>false</RightAnchorToLeft>
		<LeftAnchorOffset>24</LeftAnchorOffset>
<!--MODIFY-->	<RightAnchorOffset>6</RightAnchorOffset>
	</Gauge>
	<Gauge item="GW_STAGauge1">
		<ScreenID>STAGauge1</ScreenID>
		<TextOffsetY>-50</TextOffsetY>
		<GaugeOffsetY>-2</GaugeOffsetY>
		<RelativePosition>true</RelativePosition>
		<FillTint>
			<R>240</R>
			<G>240</G>
			<B>0</B>
		</FillTint>
		<EQType>36</EQType>
		<GaugeDrawTemplate>
			<Fill>A_GaugeFill</Fill>
		</GaugeDrawTemplate>
		<AutoStretch>true</AutoStretch>
		<TopAnchorOffset>32</TopAnchorOffset>
		<BottomAnchorOffset>36</BottomAnchorOffset>
		<RightAnchorToLeft>false</RightAnchorToLeft>
		<LeftAnchorOffset>24</LeftAnchorOffset>
<!--MODIFY-->	<RightAnchorOffset>6</RightAnchorOffset>
	</Gauge>
	<Gauge item="GW_Gauge2">
		<ScreenID>Gauge2</ScreenID>
		<TextColor>
			<R>240</R>
			<G>240</G>
			<B>240</B>
		</TextColor>
		<RelativePosition>true</RelativePosition>
		<FillTint>
			<R>220</R>
			<G>0</G>
			<B>0</B>
		</FillTint>
		<EQType>12</EQType>
		<GaugeDrawTemplate>
			<Fill>A_GaugeFill</Fill>
			<EndCapLeft>A_GaugeEndCapLeft</EndCapLeft>
			<EndCapRight>A_GaugeEndCapRight</EndCapRight>
			<Background>A_GaugeBackground</Background>
		</GaugeDrawTemplate>
		<GaugeOffsetY>15</GaugeOffsetY>
		<AutoStretch>true</AutoStretch>
		<TopAnchorOffset>43</TopAnchorOffset>
		<BottomAnchorOffset>78</BottomAnchorOffset>
		<LeftAnchorOffset>20</LeftAnchorOffset>
<!--ADD-->	<RightAnchorOffset>2</RightAnchorOffset>
		<RightAnchorToLeft>false</RightAnchorToLeft>
	</Gauge>
	<Gauge item="GW_PetGauge2">
		<ScreenID>PetGauge2</ScreenID>
		<TextOffsetY>-50</TextOffsetY>
		<GaugeOffsetY>-2</GaugeOffsetY>
		<RelativePosition>true</RelativePosition>
		<FillTint>
			<R>51</R>
			<G>192</G>
			<B>51</B>
		</FillTint>
		<EQType>18</EQType>
		<GaugeDrawTemplate>
			<Fill>A_GaugeFill</Fill>
			<EndCapLeft>A_GaugeEndCapLeft</EndCapLeft>
			<EndCapRight>A_GaugeEndCapRight</EndCapRight>
			<Background>A_GaugeBackground</Background>
		</GaugeDrawTemplate>
		<AutoStretch>true</AutoStretch>
		<TopAnchorOffset>78</TopAnchorOffset>
		<BottomAnchorOffset>84</BottomAnchorOffset>
		<LeftAnchorOffset>20</LeftAnchorOffset>
<!--ADD-->	<RightAnchorOffset>2</RightAnchorOffset>
		<RightAnchorToLeft>false</RightAnchorToLeft>
	</Gauge>
	<Gauge item="GW_ManaGauge2">
		<ScreenID>ManaGauge2</ScreenID>
		<TextOffsetY>-50</TextOffsetY>
		<GaugeOffsetY>-2</GaugeOffsetY>
		<RelativePosition>true</RelativePosition>
		<FillTint>
			<R>0</R>
			<G>128</G>
			<B>255</B>
		</FillTint>
		<EQType>32</EQType>
		<GaugeDrawTemplate>
			<Fill>A_GaugeFill</Fill>
		</GaugeDrawTemplate>
		<AutoStretch>true</AutoStretch>
		<TopAnchorOffset>69</TopAnchorOffset>
		<BottomAnchorOffset>77</BottomAnchorOffset>
		<RightAnchorToLeft>false</RightAnchorToLeft>
<!--MODIFY-->	<RightAnchorOffset>6</RightAnchorOffset>
		<LeftAnchorOffset>24</LeftAnchorOffset>
	</Gauge>
	<Gauge item="GW_STAGauge2">
		<ScreenID>STAGauge2</ScreenID>
		<TextOffsetY>-50</TextOffsetY>
		<GaugeOffsetY>-2</GaugeOffsetY>
		<RelativePosition>true</RelativePosition>
		<FillTint>
			<R>240</R>
			<G>240</G>
			<B>0</B>
		</FillTint>
		<EQType>37</EQType>
		<GaugeDrawTemplate>
			<Fill>A_GaugeFill</Fill>
		</GaugeDrawTemplate>
		<AutoStretch>true</AutoStretch>
		<TopAnchorOffset>73</TopAnchorOffset>
		<BottomAnchorOffset>77</BottomAnchorOffset>
		<RightAnchorToLeft>false</RightAnchorToLeft>
<!--MODIFY-->	<RightAnchorOffset>6</RightAnchorOffset>
		<LeftAnchorOffset>24</LeftAnchorOffset>
	</Gauge>
	<Gauge item="GW_Gauge3">
		<ScreenID>Gauge3</ScreenID>
		<TextColor>
			<R>240</R>
			<G>240</G>
			<B>240</B>
		</TextColor>
		<RelativePosition>true</RelativePosition>
		<FillTint>
			<R>220</R>
			<G>0</G>
			<B>0</B>
		</FillTint>
		<EQType>13</EQType>
		<GaugeDrawTemplate>
			<Fill>A_GaugeFill</Fill>
			<Background>A_GaugeBackground</Background>
			<EndCapLeft>A_GaugeEndCapLeft</EndCapLeft>
			<EndCapRight>A_GaugeEndCapRight</EndCapRight>
		</GaugeDrawTemplate>
		<GaugeOffsetY>15</GaugeOffsetY>
		<AutoStretch>true</AutoStretch>
		<TopAnchorOffset>84</TopAnchorOffset>
		<BottomAnchorOffset>119</BottomAnchorOffset>
		<LeftAnchorOffset>20</LeftAnchorOffset>
<!--ADD-->	<RightAnchorOffset>2</RightAnchorOffset>
		<RightAnchorToLeft>false</RightAnchorToLeft>
	</Gauge>
	<Gauge item="GW_PetGauge3">
		<ScreenID>PetGauge3</ScreenID>
		<TextOffsetY>-50</TextOffsetY>
		<GaugeOffsetY>-2</GaugeOffsetY>
		<RelativePosition>true</RelativePosition>
		<FillTint>
			<R>51</R>
			<G>192</G>
			<B>51</B>
		</FillTint>
		<EQType>19</EQType>
		<GaugeDrawTemplate>
			<Fill>A_GaugeFill</Fill>
			<EndCapLeft>A_GaugeEndCapLeft</EndCapLeft>
			<EndCapRight>A_GaugeEndCapRight</EndCapRight>
			<Background>A_GaugeBackground</Background>
		</GaugeDrawTemplate>
		<AutoStretch>true</AutoStretch>
		<TopAnchorOffset>119</TopAnchorOffset>
		<BottomAnchorOffset>125</BottomAnchorOffset>
		<RightAnchorToLeft>false</RightAnchorToLeft>
		<LeftAnchorOffset>20</LeftAnchorOffset>
<!--MODIFY-->	<RightAnchorOffset>2</RightAnchorOffset>
	</Gauge>
	<Gauge item="GW_ManaGauge3">
		<ScreenID>ManaGauge3</ScreenID>
		<TextOffsetY>-50</TextOffsetY>
		<GaugeOffsetY>-2</GaugeOffsetY>
		<RelativePosition>true</RelativePosition>
		<FillTint>
			<R>0</R>
			<G>128</G>
			<B>255</B>
		</FillTint>
		<EQType>33</EQType>
		<GaugeDrawTemplate>
			<Fill>A_GaugeFill</Fill>
		</GaugeDrawTemplate>
		<AutoStretch>true</AutoStretch>
		<TopAnchorOffset>110</TopAnchorOffset>
		<BottomAnchorOffset>118</BottomAnchorOffset>
		<RightAnchorToLeft>false</RightAnchorToLeft>
		<LeftAnchorOffset>24</LeftAnchorOffset>
<!--MODIFY-->	<RightAnchorOffset>6</RightAnchorOffset>
	</Gauge>
	<Gauge item="GW_STAGauge3">
		<ScreenID>STAGauge3</ScreenID>
		<TextOffsetY>-50</TextOffsetY>
		<GaugeOffsetY>-2</GaugeOffsetY>
		<RelativePosition>true</RelativePosition>
		<FillTint>
			<R>240</R>
			<G>240</G>
			<B>0</B>
		</FillTint>
		<EQType>38</EQType>
		<GaugeDrawTemplate>
			<Fill>A_GaugeFill</Fill>
		</GaugeDrawTemplate>
		<AutoStretch>true</AutoStretch>
		<TopAnchorOffset>114</TopAnchorOffset>
		<BottomAnchorOffset>118</BottomAnchorOffset>
		<RightAnchorToLeft>false</RightAnchorToLeft>
<!--MODIFY-->	<RightAnchorOffset>6</RightAnchorOffset>
		<LeftAnchorOffset>24</LeftAnchorOffset>
	</Gauge>
	<Gauge item="GW_Gauge4">
		<ScreenID>Gauge4</ScreenID>
		<TextColor>
			<R>240</R>
			<G>240</G>
			<B>240</B>
		</TextColor>
		<RelativePosition>true</RelativePosition>
		<FillTint>
			<R>220</R>
			<G>0</G>
			<B>0</B>
		</FillTint>
		<EQType>14</EQType>
		<GaugeDrawTemplate>
			<Fill>A_GaugeFill</Fill>
			<EndCapLeft>A_GaugeEndCapLeft</EndCapLeft>
			<EndCapRight>A_GaugeEndCapRight</EndCapRight>
			<Background>A_GaugeBackground</Background>
		</GaugeDrawTemplate>
		<GaugeOffsetY>15</GaugeOffsetY>
		<AutoStretch>true</AutoStretch>
		<TopAnchorOffset>125</TopAnchorOffset>
		<BottomAnchorOffset>160</BottomAnchorOffset>
		<RightAnchorToLeft>false</RightAnchorToLeft>
		<LeftAnchorOffset>20</LeftAnchorOffset>
<!--MODIFY-->	<RightAnchorOffset>2</RightAnchorOffset>
	</Gauge>
	<Gauge item="GW_PetGauge4">
		<ScreenID>PetGauge4</ScreenID>
		<TextOffsetY>-50</TextOffsetY>
		<GaugeOffsetY>-2</GaugeOffsetY>
		<RelativePosition>true</RelativePosition>
		<FillTint>
			<R>51</R>
			<G>192</G>
			<B>51</B>
		</FillTint>
		<EQType>20</EQType>
		<GaugeDrawTemplate>
			<Fill>A_GaugeFill</Fill>
			<EndCapLeft>A_GaugeEndCapLeft</EndCapLeft>
			<EndCapRight>A_GaugeEndCapRight</EndCapRight>
			<Background>A_GaugeBackground</Background>
		</GaugeDrawTemplate>
		<AutoStretch>true</AutoStretch>
		<TopAnchorOffset>160</TopAnchorOffset>
		<BottomAnchorOffset>166</BottomAnchorOffset>
		<RightAnchorToLeft>false</RightAnchorToLeft>
		<LeftAnchorOffset>20</LeftAnchorOffset>
<!--MODIFY-->	<RightAnchorOffset>2</RightAnchorOffset>
	</Gauge>
	<Gauge item="GW_ManaGauge4">
		<ScreenID>ManaGauge4</ScreenID>
		<TextOffsetY>-50</TextOffsetY>
		<GaugeOffsetY>-2</GaugeOffsetY>
		<RelativePosition>true</RelativePosition>
		<FillTint>
			<R>0</R>
			<G>128</G>
			<B>255</B>
		</FillTint>
		<EQType>34</EQType>
		<GaugeDrawTemplate>
			<Fill>A_GaugeFill</Fill>
		</GaugeDrawTemplate>
		<AutoStretch>true</AutoStretch>
		<TopAnchorOffset>151</TopAnchorOffset>
		<BottomAnchorOffset>159</BottomAnchorOffset>
		<RightAnchorToLeft>false</RightAnchorToLeft>
		<LeftAnchorOffset>24</LeftAnchorOffset>
<!--MODIFY-->	<RightAnchorOffset>6</RightAnchorOffset>
	</Gauge>
	<Gauge item="GW_STAGauge4">
		<ScreenID>STAGauge4</ScreenID>
		<TextOffsetY>-50</TextOffsetY>
		<GaugeOffsetY>-2</GaugeOffsetY>
		<RelativePosition>true</RelativePosition>
		<FillTint>
			<R>240</R>
			<G>240</G>
			<B>0</B>
		</FillTint>
		<EQType>39</EQType>
		<GaugeDrawTemplate>
			<Fill>A_GaugeFill</Fill>
		</GaugeDrawTemplate>
		<AutoStretch>true</AutoStretch>
		<TopAnchorOffset>155</TopAnchorOffset>
		<BottomAnchorOffset>159</BottomAnchorOffset>
		<RightAnchorToLeft>false</RightAnchorToLeft>
<!--MODIFY-->	<RightAnchorOffset>6</RightAnchorOffset>
		<LeftAnchorOffset>24</LeftAnchorOffset>
	</Gauge>
	<Gauge item="GW_Gauge5">
		<ScreenID>Gauge5</ScreenID>
		<TextColor>
			<R>240</R>
			<G>240</G>
			<B>240</B>
		</TextColor>
		<RelativePosition>true</RelativePosition>
		<FillTint>
			<R>220</R>
			<G>0</G>
			<B>0</B>
		</FillTint>
		<EQType>15</EQType>
		<GaugeDrawTemplate>
			<Fill>A_GaugeFill</Fill>
			<EndCapLeft>A_GaugeEndCapLeft</EndCapLeft>
			<EndCapRight>A_GaugeEndCapRight</EndCapRight>
			<Background>A_GaugeBackground</Background>
		</GaugeDrawTemplate>
		<GaugeOffsetY>15</GaugeOffsetY>
		<AutoStretch>true</AutoStretch>
		<TopAnchorOffset>166</TopAnchorOffset>
		<BottomAnchorOffset>201</BottomAnchorOffset>
		<RightAnchorToLeft>false</RightAnchorToLeft>
		<LeftAnchorOffset>20</LeftAnchorOffset>
<!--MODIFY-->	<RightAnchorOffset>2</RightAnchorOffset>
	</Gauge>
	<Gauge item="GW_PetGauge5">
		<ScreenID>PetGauge5</ScreenID>
		<TextOffsetY>-50</TextOffsetY>
		<GaugeOffsetY>-2</GaugeOffsetY>
		<RelativePosition>true</RelativePosition>
		<FillTint>
			<R>51</R>
			<G>192</G>
			<B>51</B>
		</FillTint>
		<EQType>21</EQType>
		<GaugeDrawTemplate>
			<Fill>A_GaugeFill</Fill>
			<EndCapLeft>A_GaugeEndCapLeft</EndCapLeft>
			<EndCapRight>A_GaugeEndCapRight</EndCapRight>
			<Background>A_GaugeBackground</Background>
		</GaugeDrawTemplate>
		<AutoStretch>true</AutoStretch>
		<TopAnchorOffset>201</TopAnchorOffset>
		<BottomAnchorOffset>207</BottomAnchorOffset>
		<RightAnchorToLeft>false</RightAnchorToLeft>
		<LeftAnchorOffset>20</LeftAnchorOffset>
<!--MODIFY-->	<RightAnchorOffset>2</RightAnchorOffset>
	</Gauge>
	<Gauge item="GW_ManaGauge5">
		<ScreenID>ManaGauge5</ScreenID>
		<TextOffsetY>-50</TextOffsetY>
		<GaugeOffsetY>-2</GaugeOffsetY>
		<RelativePosition>true</RelativePosition>
		<FillTint>
			<R>0</R>
			<G>128</G>
			<B>255</B>
		</FillTint>
		<EQType>35</EQType>
		<GaugeDrawTemplate>
			<Fill>A_GaugeFill</Fill>
		</GaugeDrawTemplate>
		<AutoStretch>true</AutoStretch>
		<TopAnchorOffset>192</TopAnchorOffset>
		<BottomAnchorOffset>200</BottomAnchorOffset>
		<RightAnchorToLeft>false</RightAnchorToLeft>
		<LeftAnchorOffset>24</LeftAnchorOffset>
<!--MODIFY-->	<RightAnchorOffset>6</RightAnchorOffset>
	</Gauge>
	<Gauge item="GW_STAGauge5">
		<ScreenID>STAGauge5</ScreenID>
		<TextOffsetY>-50</TextOffsetY>
		<GaugeOffsetY>-2</GaugeOffsetY>
		<RelativePosition>true</RelativePosition>
		<FillTint>
			<R>240</R>
			<G>240</G>
			<B>0</B>
		</FillTint>
		<EQType>40</EQType>
		<GaugeDrawTemplate>
			<Fill>A_GaugeFill</Fill>
		</GaugeDrawTemplate>
		<AutoStretch>true</AutoStretch>
		<TopAnchorOffset>196</TopAnchorOffset>
		<BottomAnchorOffset>200</BottomAnchorOffset>
		<RightAnchorToLeft>false</RightAnchorToLeft>
<!--MODIFY-->	<RightAnchorOffset>6</RightAnchorOffset>
		<LeftAnchorOffset>24</LeftAnchorOffset>
	</Gauge>
	<Label item="GW_HPLabel1">
		<ScreenID>HPLabel1</ScreenID>
		<RelativePosition>true</RelativePosition>
		<Text>100</Text>
		<NoWrap>true</NoWrap>
		<AlignCenter>true</AlignCenter>
		<Font>2</Font>
		<EQType>35</EQType>
		<AutoStretch>true</AutoStretch>
		<TopAnchorOffset>21</TopAnchorOffset>
		<BottomAnchorOffset>33</BottomAnchorOffset>
		<LeftAnchorOffset>20</LeftAnchorOffset>
		<RightAnchorToLeft>false</RightAnchorToLeft>
		<Style_Tooltip>false</Style_Tooltip>
	</Label>
	<Label item="GW_HPPercLabel1">
		<ScreenID>HPPercLabel1</ScreenID>
		<RelativePosition>true</RelativePosition>
		<Text>%</Text>
		<NoWrap>true</NoWrap>
		<AlignCenter>true</AlignCenter>
		<Font>2</Font>
		<AutoStretch>true</AutoStretch>
		<TopAnchorOffset>21</TopAnchorOffset>
		<BottomAnchorOffset>33</BottomAnchorOffset>
		<LeftAnchorOffset>48</LeftAnchorOffset>
		<RightAnchorToLeft>false</RightAnchorToLeft>
		<Style_Tooltip>false</Style_Tooltip>
	</Label>
	<Label item="GW_HPLabel2">
		<ScreenID>HPLabel2</ScreenID>
		<RelativePosition>true</RelativePosition>
		<Text>100</Text>
		<NoWrap>true</NoWrap>
		<AlignCenter>true</AlignCenter>
		<Font>2</Font>
		<EQType>36</EQType>
		<AutoStretch>true</AutoStretch>
		<TopAnchorOffset>62</TopAnchorOffset>
		<BottomAnchorOffset>74</BottomAnchorOffset>
		<LeftAnchorOffset>20</LeftAnchorOffset>
		<RightAnchorToLeft>false</RightAnchorToLeft>
		<Style_Tooltip>false</Style_Tooltip>
	</Label>
	<Label item="GW_HPPercLabel2">
		<ScreenID>HPPercLabel2</ScreenID>
		<RelativePosition>true</RelativePosition>
		<Text>%</Text>
		<NoWrap>true</NoWrap>
		<AlignCenter>true</AlignCenter>
		<Font>2</Font>
		<AutoStretch>true</AutoStretch>
		<TopAnchorOffset>62</TopAnchorOffset>
		<BottomAnchorOffset>74</BottomAnchorOffset>
		<LeftAnchorOffset>48</LeftAnchorOffset>
		<RightAnchorToLeft>false</RightAnchorToLeft>
		<Style_Tooltip>false</Style_Tooltip>
	</Label>
	<Label item="GW_HPLabel3">
		<ScreenID>HPLabel3</ScreenID>
		<RelativePosition>true</RelativePosition>
		<Text>100</Text>
		<NoWrap>true</NoWrap>
		<AlignCenter>true</AlignCenter>
		<Font>2</Font>
		<EQType>37</EQType>
		<AutoStretch>true</AutoStretch>
		<TopAnchorOffset>103</TopAnchorOffset>
		<BottomAnchorOffset>115</BottomAnchorOffset>
		<LeftAnchorOffset>20</LeftAnchorOffset>
		<RightAnchorToLeft>false</RightAnchorToLeft>
		<Style_Tooltip>false</Style_Tooltip>
	</Label>
	<Label item="GW_HPPercLabel3">
		<ScreenID>HPPercLabel3</ScreenID>
		<RelativePosition>true</RelativePosition>
		<Text>%</Text>
		<NoWrap>true</NoWrap>
		<AlignCenter>true</AlignCenter>
		<Font>2</Font>
		<AutoStretch>true</AutoStretch>
		<TopAnchorOffset>103</TopAnchorOffset>
		<BottomAnchorOffset>115</BottomAnchorOffset>
		<LeftAnchorOffset>48</LeftAnchorOffset>
		<RightAnchorToLeft>false</RightAnchorToLeft>
		<Style_Tooltip>false</Style_Tooltip>
	</Label>
	<Label item="GW_HPLabel4">
		<ScreenID>HPLabel4</ScreenID>
		<RelativePosition>true</RelativePosition>
		<Text>100</Text>
		<NoWrap>true</NoWrap>
		<AlignCenter>true</AlignCenter>
		<Font>2</Font>
		<EQType>38</EQType>
		<AutoStretch>true</AutoStretch>
		<TopAnchorOffset>144</TopAnchorOffset>
		<BottomAnchorOffset>156</BottomAnchorOffset>
		<LeftAnchorOffset>20</LeftAnchorOffset>
		<RightAnchorToLeft>false</RightAnchorToLeft>
		<Style_Tooltip>false</Style_Tooltip>
	</Label>
	<Label item="GW_HPPercLabel4">
		<ScreenID>HPPercLabel4</ScreenID>
		<RelativePosition>true</RelativePosition>
		<Text>%</Text>
		<NoWrap>true</NoWrap>
		<AlignCenter>true</AlignCenter>
		<Font>2</Font>
		<AutoStretch>true</AutoStretch>
		<TopAnchorOffset>144</TopAnchorOffset>
		<BottomAnchorOffset>156</BottomAnchorOffset>
		<LeftAnchorOffset>48</LeftAnchorOffset>
		<RightAnchorToLeft>false</RightAnchorToLeft>
		<Style_Tooltip>false</Style_Tooltip>
	</Label>
	<Label item="GW_HPLabel5">
		<ScreenID>HPLabel5</ScreenID>
		<RelativePosition>true</RelativePosition>
		<Text>100</Text>
		<NoWrap>true</NoWrap>
		<AlignCenter>true</AlignCenter>
		<Font>2</Font>
		<EQType>39</EQType>
		<AutoStretch>true</AutoStretch>
		<TopAnchorOffset>185</TopAnchorOffset>
		<BottomAnchorOffset>197</BottomAnchorOffset>
		<LeftAnchorOffset>20</LeftAnchorOffset>
		<RightAnchorToLeft>false</RightAnchorToLeft>
		<Style_Tooltip>false</Style_Tooltip>
	</Label>
	<Label item="GW_HPPercLabel5">
		<ScreenID>HPPercLabel5</ScreenID>
		<RelativePosition>true</RelativePosition>
		<Text>%</Text>
		<NoWrap>true</NoWrap>
		<AlignCenter>true</AlignCenter>
		<Font>2</Font>
		<AutoStretch>true</AutoStretch>
		<TopAnchorOffset>185</TopAnchorOffset>
		<BottomAnchorOffset>197</BottomAnchorOffset>
		<LeftAnchorOffset>48</LeftAnchorOffset>
		<RightAnchorToLeft>false</RightAnchorToLeft>
		<Style_Tooltip>false</Style_Tooltip>
	</Label>
	<Button item="GW_LFGButton">
		<ScreenID>LFGButton</ScreenID>
		<RelativePosition>true</RelativePosition>
		<Location>
			<X>124</X>
			<Y>150</Y>
		</Location>
		<Size>
			<CX>1</CX>
			<CY>1</CY>
		</Size>
		<Style_Checkbox>false</Style_Checkbox>
		<ButtonDrawTemplate />
	</Button>
	<Button item="GW_Voice1">
		<EQType>voicechat/GroupActivityButton 0</EQType>
		<RelativePosition>true</RelativePosition>
		<Style_Transparent>false</Style_Transparent>
		<Style_Checkbox>false</Style_Checkbox>
		<Template>BDT_Checkbox</Template>
		<AutoStretch>true</AutoStretch>
		<TopAnchorOffset>2</TopAnchorOffset>
		<BottomAnchorOffset>17</BottomAnchorOffset>
		<LeftAnchorOffset>15</LeftAnchorOffset>
		<LeftAnchorToLeft>false</LeftAnchorToLeft>
		<RightAnchorToLeft>false</RightAnchorToLeft>
	</Button>
	<Button item="GW_Voice2">
		<EQType>voicechat/GroupActivityButton 1</EQType>
		<RelativePosition>true</RelativePosition>
		<Style_Transparent>false</Style_Transparent>
		<Style_Checkbox>false</Style_Checkbox>
		<Template>BDT_Checkbox</Template>
		<AutoStretch>true</AutoStretch>
		<TopAnchorOffset>43</TopAnchorOffset>
		<BottomAnchorOffset>58</BottomAnchorOffset>
		<LeftAnchorOffset>15</LeftAnchorOffset>
		<LeftAnchorToLeft>false</LeftAnchorToLeft>
		<RightAnchorToLeft>false</RightAnchorToLeft>
	</Button>
	<Button item="GW_Voice3">
		<EQType>voicechat/GroupActivityButton 2</EQType>
		<RelativePosition>true</RelativePosition>
		<Style_Transparent>false</Style_Transparent>
		<Style_Checkbox>false</Style_Checkbox>
		<Template>BDT_Checkbox</Template>
		<AutoStretch>true</AutoStretch>
		<TopAnchorOffset>84</TopAnchorOffset>
		<BottomAnchorOffset>99</BottomAnchorOffset>
		<LeftAnchorOffset>15</LeftAnchorOffset>
		<LeftAnchorToLeft>false</LeftAnchorToLeft>
		<RightAnchorToLeft>false</RightAnchorToLeft>
	</Button>
	<Button item="GW_Voice4">
		<EQType>voicechat/GroupActivityButton 3</EQType>
		<RelativePosition>true</RelativePosition>
		<Style_Transparent>false</Style_Transparent>
		<Style_Checkbox>false</Style_Checkbox>
		<Template>BDT_Checkbox</Template>
		<AutoStretch>true</AutoStretch>
		<TopAnchorOffset>125</TopAnchorOffset>
		<BottomAnchorOffset>140</BottomAnchorOffset>
		<LeftAnchorOffset>15</LeftAnchorOffset>
		<LeftAnchorToLeft>false</LeftAnchorToLeft>
		<RightAnchorToLeft>false</RightAnchorToLeft>
	</Button>
	<Button item="GW_Voice5">
		<EQType>voicechat/GroupActivityButton 4</EQType>
		<RelativePosition>true</RelativePosition>
		<Style_Transparent>false</Style_Transparent>
		<Style_Checkbox>false</Style_Checkbox>
		<Template>BDT_Checkbox</Template>
		<AutoStretch>true</AutoStretch>
		<TopAnchorOffset>166</TopAnchorOffset>
		<BottomAnchorOffset>181</BottomAnchorOffset>
		<LeftAnchorOffset>15</LeftAnchorOffset>
		<LeftAnchorToLeft>false</LeftAnchorToLeft>
		<RightAnchorToLeft>false</RightAnchorToLeft>
	</Button>
	<Button item="GW_GroupRoleTank1">
		<ScreenID>GroupRoleTank1</ScreenID>
		<RelativePosition>true</RelativePosition>
		<Style_Transparent>false</Style_Transparent>
		<Style_Checkbox>false</Style_Checkbox>
		<ButtonDrawTemplate>
			<NormalDecal>A_Tank</NormalDecal>
		</ButtonDrawTemplate>
		<DecalSize>
			<CX>15</CX>
			<CY>15</CY>
		</DecalSize>
		<TopAnchorOffset>2</TopAnchorOffset>
		<BottomAnchorOffset>17</BottomAnchorOffset>
		<LeftAnchorOffset>60</LeftAnchorOffset>
		<RightAnchorOffset>45</RightAnchorOffset>
		<AutoStretch>true</AutoStretch>
		<LeftAnchorToLeft>false</LeftAnchorToLeft>
		<RightAnchorToLeft>false</RightAnchorToLeft>
	</Button>
	<Button item="GW_GroupRoleAssist1">
		<ScreenID>GroupRoleAssist1</ScreenID>
		<RelativePosition>true</RelativePosition>
		<Style_Transparent>false</Style_Transparent>
		<Style_Checkbox>false</Style_Checkbox>
		<ButtonDrawTemplate>
			<NormalDecal>A_Assist</NormalDecal>
		</ButtonDrawTemplate>
		<DecalSize>
			<CX>15</CX>
			<CY>15</CY>
		</DecalSize>
		<TopAnchorOffset>2</TopAnchorOffset>
		<BottomAnchorOffset>17</BottomAnchorOffset>
		<LeftAnchorOffset>45</LeftAnchorOffset>
		<RightAnchorOffset>30</RightAnchorOffset>
		<AutoStretch>true</AutoStretch>
		<LeftAnchorToLeft>false</LeftAnchorToLeft>
		<RightAnchorToLeft>false</RightAnchorToLeft>
	</Button>
	<Button item="GW_GroupRolePuller1">
		<ScreenID>GroupRolePuller1</ScreenID>
		<RelativePosition>true</RelativePosition>
		<Style_Transparent>false</Style_Transparent>
		<Style_Checkbox>false</Style_Checkbox>
		<ButtonDrawTemplate>
			<NormalDecal>A_Puller</NormalDecal>
		</ButtonDrawTemplate>
		<DecalSize>
			<CX>15</CX>
			<CY>15</CY>
		</DecalSize>
		<LeftAnchorOffset>30</LeftAnchorOffset>
		<TopAnchorOffset>2</TopAnchorOffset>
		<RightAnchorOffset>15</RightAnchorOffset>
		<BottomAnchorOffset>17</BottomAnchorOffset>
		<AutoStretch>true</AutoStretch>
		<LeftAnchorToLeft>false</LeftAnchorToLeft>
		<RightAnchorToLeft>false</RightAnchorToLeft>
	</Button>
	<Button item="GW_GroupRoleMarkNPC1">
		<ScreenID>GroupRoleMarkNPC1</ScreenID>
		<RelativePosition>true</RelativePosition>
		<Style_Transparent>false</Style_Transparent>
		<Style_Checkbox>false</Style_Checkbox>
		<ButtonDrawTemplate>
			<NormalDecal>A_MarkNPC</NormalDecal>
		</ButtonDrawTemplate>
		<DecalSize>
			<CX>15</CX>
			<CY>15</CY>
		</DecalSize>
		<TopAnchorOffset>2</TopAnchorOffset>
		<BottomAnchorOffset>17</BottomAnchorOffset>
		<LeftAnchorOffset>15</LeftAnchorOffset>
		<RightAnchorOffset>0</RightAnchorOffset>
		<AutoStretch>true</AutoStretch>
		<LeftAnchorToLeft>false</LeftAnchorToLeft>
		<RightAnchorToLeft>false</RightAnchorToLeft>
	</Button>
	<Button item="GW_GroupRoleTank2">
		<ScreenID>GroupRoleTank2</ScreenID>
		<RelativePosition>true</RelativePosition>
		<Style_Transparent>false</Style_Transparent>
		<Style_Checkbox>false</Style_Checkbox>
		<ButtonDrawTemplate>
			<NormalDecal>A_Tank</NormalDecal>
		</ButtonDrawTemplate>
		<DecalSize>
			<CX>15</CX>
			<CY>15</CY>
		</DecalSize>
		<TopAnchorOffset>43</TopAnchorOffset>
		<BottomAnchorOffset>58</BottomAnchorOffset>
		<LeftAnchorOffset>60</LeftAnchorOffset>
		<RightAnchorOffset>45</RightAnchorOffset>
		<AutoStretch>true</AutoStretch>
		<LeftAnchorToLeft>false</LeftAnchorToLeft>
		<RightAnchorToLeft>false</RightAnchorToLeft>
	</Button>
	<Button item="GW_GroupRoleAssist2">
		<ScreenID>GroupRoleAssist2</ScreenID>
		<RelativePosition>true</RelativePosition>
		<Style_Transparent>false</Style_Transparent>
		<Style_Checkbox>false</Style_Checkbox>
		<ButtonDrawTemplate>
			<NormalDecal>A_Assist</NormalDecal>
		</ButtonDrawTemplate>
		<DecalSize>
			<CX>15</CX>
			<CY>15</CY>
		</DecalSize>
		<TopAnchorOffset>43</TopAnchorOffset>
		<BottomAnchorOffset>58</BottomAnchorOffset>
		<RightAnchorOffset>30</RightAnchorOffset>
		<LeftAnchorOffset>45</LeftAnchorOffset>
		<AutoStretch>true</AutoStretch>
		<LeftAnchorToLeft>false</LeftAnchorToLeft>
		<RightAnchorToLeft>false</RightAnchorToLeft>
	</Button>
	<Button item="GW_GroupRolePuller2">
		<ScreenID>GroupRolePuller2</ScreenID>
		<RelativePosition>true</RelativePosition>
		<Style_Transparent>false</Style_Transparent>
		<Style_Checkbox>false</Style_Checkbox>
		<ButtonDrawTemplate>
			<NormalDecal>A_Puller</NormalDecal>
		</ButtonDrawTemplate>
		<DecalSize>
			<CX>15</CX>
			<CY>15</CY>
		</DecalSize>
		<TopAnchorOffset>43</TopAnchorOffset>
		<BottomAnchorOffset>58</BottomAnchorOffset>
		<RightAnchorOffset>15</RightAnchorOffset>
		<LeftAnchorOffset>30</LeftAnchorOffset>
		<AutoStretch>true</AutoStretch>
		<LeftAnchorToLeft>false</LeftAnchorToLeft>
		<RightAnchorToLeft>false</RightAnchorToLeft>
	</Button>
	<Button item="GW_GroupRoleMarkNPC2">
		<ScreenID>GroupRoleMarkNPC2</ScreenID>
		<RelativePosition>true</RelativePosition>
		<Style_Transparent>false</Style_Transparent>
		<Style_Checkbox>false</Style_Checkbox>
		<ButtonDrawTemplate>
			<NormalDecal>A_MarkNPC</NormalDecal>
		</ButtonDrawTemplate>
		<DecalSize>
			<CX>15</CX>
			<CY>15</CY>
		</DecalSize>
		<TopAnchorOffset>43</TopAnchorOffset>
		<BottomAnchorOffset>58</BottomAnchorOffset>
		<RightAnchorOffset>0</RightAnchorOffset>
		<LeftAnchorOffset>15</LeftAnchorOffset>
		<AutoStretch>true</AutoStretch>
		<LeftAnchorToLeft>false</LeftAnchorToLeft>
		<RightAnchorToLeft>false</RightAnchorToLeft>
	</Button>
	<Button item="GW_GroupRoleTank3">
		<ScreenID>GroupRoleTank3</ScreenID>
		<RelativePosition>true</RelativePosition>
		<Style_Transparent>false</Style_Transparent>
		<Style_Checkbox>false</Style_Checkbox>
		<ButtonDrawTemplate>
			<NormalDecal>A_Tank</NormalDecal>
		</ButtonDrawTemplate>
		<DecalSize>
			<CX>15</CX>
			<CY>15</CY>
		</DecalSize>
		<TopAnchorOffset>84</TopAnchorOffset>
		<BottomAnchorOffset>99</BottomAnchorOffset>
		<LeftAnchorOffset>60</LeftAnchorOffset>
		<RightAnchorOffset>45</RightAnchorOffset>
		<AutoStretch>true</AutoStretch>
		<LeftAnchorToLeft>false</LeftAnchorToLeft>
		<RightAnchorToLeft>false</RightAnchorToLeft>
	</Button>
	<Button item="GW_GroupRoleAssist3">
		<ScreenID>GroupRoleAssist3</ScreenID>
		<RelativePosition>true</RelativePosition>
		<Style_Transparent>false</Style_Transparent>
		<Style_Checkbox>false</Style_Checkbox>
		<ButtonDrawTemplate>
			<NormalDecal>A_Assist</NormalDecal>
		</ButtonDrawTemplate>
		<DecalSize>
			<CX>15</CX>
			<CY>15</CY>
		</DecalSize>
		<TopAnchorOffset>84</TopAnchorOffset>
		<BottomAnchorOffset>99</BottomAnchorOffset>
		<RightAnchorOffset>30</RightAnchorOffset>
		<LeftAnchorOffset>45</LeftAnchorOffset>
		<AutoStretch>true</AutoStretch>
		<LeftAnchorToLeft>false</LeftAnchorToLeft>
		<RightAnchorToLeft>false</RightAnchorToLeft>
	</Button>
	<Button item="GW_GroupRolePuller3">
		<ScreenID>GroupRolePuller3</ScreenID>
		<RelativePosition>true</RelativePosition>
		<Style_Transparent>false</Style_Transparent>
		<Style_Checkbox>false</Style_Checkbox>
		<ButtonDrawTemplate>
			<NormalDecal>A_Puller</NormalDecal>
		</ButtonDrawTemplate>
		<DecalSize>
			<CX>15</CX>
			<CY>15</CY>
		</DecalSize>
		<TopAnchorOffset>84</TopAnchorOffset>
		<BottomAnchorOffset>99</BottomAnchorOffset>
		<RightAnchorOffset>15</RightAnchorOffset>
		<LeftAnchorOffset>30</LeftAnchorOffset>
		<AutoStretch>true</AutoStretch>
		<LeftAnchorToLeft>false</LeftAnchorToLeft>
		<RightAnchorToLeft>false</RightAnchorToLeft>
	</Button>
	<Button item="GW_GroupRoleMarkNPC3">
		<ScreenID>GroupRoleMarkNPC3</ScreenID>
		<RelativePosition>true</RelativePosition>
		<Style_Transparent>false</Style_Transparent>
		<Style_Checkbox>false</Style_Checkbox>
		<ButtonDrawTemplate>
			<NormalDecal>A_MarkNPC</NormalDecal>
		</ButtonDrawTemplate>
		<DecalSize>
			<CX>15</CX>
			<CY>15</CY>
		</DecalSize>
		<TopAnchorOffset>84</TopAnchorOffset>
		<BottomAnchorOffset>99</BottomAnchorOffset>
		<RightAnchorOffset>0</RightAnchorOffset>
		<LeftAnchorOffset>15</LeftAnchorOffset>
		<AutoStretch>true</AutoStretch>
		<LeftAnchorToLeft>false</LeftAnchorToLeft>
		<RightAnchorToLeft>false</RightAnchorToLeft>
	</Button>
	<Button item="GW_GroupRoleTank4">
		<ScreenID>GroupRoleTank4</ScreenID>
		<RelativePosition>true</RelativePosition>
		<Style_Transparent>false</Style_Transparent>
		<Style_Checkbox>false</Style_Checkbox>
		<ButtonDrawTemplate>
			<NormalDecal>A_Tank</NormalDecal>
		</ButtonDrawTemplate>
		<DecalSize>
			<CX>15</CX>
			<CY>15</CY>
		</DecalSize>
		<TopAnchorOffset>125</TopAnchorOffset>
		<BottomAnchorOffset>140</BottomAnchorOffset>
		<LeftAnchorOffset>60</LeftAnchorOffset>
		<RightAnchorOffset>45</RightAnchorOffset>
		<AutoStretch>true</AutoStretch>
		<LeftAnchorToLeft>false</LeftAnchorToLeft>
		<RightAnchorToLeft>false</RightAnchorToLeft>
	</Button>
	<Button item="GW_GroupRoleAssist4">
		<ScreenID>GroupRoleAssist4</ScreenID>
		<RelativePosition>true</RelativePosition>
		<Style_Transparent>false</Style_Transparent>
		<Style_Checkbox>false</Style_Checkbox>
		<ButtonDrawTemplate>
			<NormalDecal>A_Assist</NormalDecal>
		</ButtonDrawTemplate>
		<DecalSize>
			<CX>15</CX>
			<CY>15</CY>
		</DecalSize>
		<TopAnchorOffset>125</TopAnchorOffset>
		<BottomAnchorOffset>140</BottomAnchorOffset>
		<RightAnchorOffset>30</RightAnchorOffset>
		<LeftAnchorOffset>45</LeftAnchorOffset>
		<AutoStretch>true</AutoStretch>
		<LeftAnchorToLeft>false</LeftAnchorToLeft>
		<RightAnchorToLeft>false</RightAnchorToLeft>
	</Button>
	<Button item="GW_GroupRolePuller4">
		<ScreenID>GroupRolePuller4</ScreenID>
		<RelativePosition>true</RelativePosition>
		<Style_Transparent>false</Style_Transparent>
		<Style_Checkbox>false</Style_Checkbox>
		<ButtonDrawTemplate>
			<NormalDecal>A_Puller</NormalDecal>
		</ButtonDrawTemplate>
		<DecalSize>
			<CX>15</CX>
			<CY>15</CY>
		</DecalSize>
		<TopAnchorOffset>125</TopAnchorOffset>
		<BottomAnchorOffset>140</BottomAnchorOffset>
		<RightAnchorOffset>15</RightAnchorOffset>
		<LeftAnchorOffset>30</LeftAnchorOffset>
		<AutoStretch>true</AutoStretch>
		<LeftAnchorToLeft>false</LeftAnchorToLeft>
		<RightAnchorToLeft>false</RightAnchorToLeft>
	</Button>
	<Button item="GW_GroupRoleMarkNPC4">
		<ScreenID>GroupRoleMarkNPC4</ScreenID>
		<RelativePosition>true</RelativePosition>
		<Style_Transparent>false</Style_Transparent>
		<Style_Checkbox>false</Style_Checkbox>
		<ButtonDrawTemplate>
			<NormalDecal>A_MarkNPC</NormalDecal>
		</ButtonDrawTemplate>
		<DecalSize>
			<CX>15</CX>
			<CY>15</CY>
		</DecalSize>
		<TopAnchorOffset>125</TopAnchorOffset>
		<BottomAnchorOffset>140</BottomAnchorOffset>
		<RightAnchorOffset>0</RightAnchorOffset>
		<LeftAnchorOffset>15</LeftAnchorOffset>
		<AutoStretch>true</AutoStretch>
		<LeftAnchorToLeft>false</LeftAnchorToLeft>
		<RightAnchorToLeft>false</RightAnchorToLeft>
	</Button>
	<Button item="GW_GroupRoleTank5">
		<ScreenID>GroupRoleTank5</ScreenID>
		<RelativePosition>true</RelativePosition>
		<Style_Transparent>false</Style_Transparent>
		<Style_Checkbox>false</Style_Checkbox>
		<ButtonDrawTemplate>
			<NormalDecal>A_Tank</NormalDecal>
		</ButtonDrawTemplate>
		<DecalSize>
			<CX>15</CX>
			<CY>15</CY>
		</DecalSize>
		<TopAnchorOffset>166</TopAnchorOffset>
		<BottomAnchorOffset>181</BottomAnchorOffset>
		<LeftAnchorOffset>60</LeftAnchorOffset>
		<RightAnchorOffset>45</RightAnchorOffset>
		<AutoStretch>true</AutoStretch>
		<LeftAnchorToLeft>false</LeftAnchorToLeft>
		<RightAnchorToLeft>false</RightAnchorToLeft>
	</Button>
	<Button item="GW_GroupRoleAssist5">
		<ScreenID>GroupRoleAssist5</ScreenID>
		<RelativePosition>true</RelativePosition>
		<Style_Transparent>false</Style_Transparent>
		<Style_Checkbox>false</Style_Checkbox>
		<ButtonDrawTemplate>
			<NormalDecal>A_Assist</NormalDecal>
		</ButtonDrawTemplate>
		<DecalSize>
			<CX>15</CX>
			<CY>15</CY>
		</DecalSize>
		<TopAnchorOffset>166</TopAnchorOffset>
		<BottomAnchorOffset>181</BottomAnchorOffset>
		<RightAnchorOffset>30</RightAnchorOffset>
		<LeftAnchorOffset>45</LeftAnchorOffset>
		<AutoStretch>true</AutoStretch>
		<LeftAnchorToLeft>false</LeftAnchorToLeft>
		<RightAnchorToLeft>false</RightAnchorToLeft>
	</Button>
	<Button item="GW_GroupRolePuller5">
		<ScreenID>GroupRolePuller5</ScreenID>
		<RelativePosition>true</RelativePosition>
		<Style_Transparent>false</Style_Transparent>
		<Style_Checkbox>false</Style_Checkbox>
		<ButtonDrawTemplate>
			<NormalDecal>A_Puller</NormalDecal>
		</ButtonDrawTemplate>
		<DecalSize>
			<CX>15</CX>
			<CY>15</CY>
		</DecalSize>
		<TopAnchorOffset>166</TopAnchorOffset>
		<BottomAnchorOffset>181</BottomAnchorOffset>
		<RightAnchorOffset>15</RightAnchorOffset>
		<LeftAnchorOffset>30</LeftAnchorOffset>
		<AutoStretch>true</AutoStretch>
		<LeftAnchorToLeft>false</LeftAnchorToLeft>
		<RightAnchorToLeft>false</RightAnchorToLeft>
	</Button>
	<Button item="GW_GroupRoleMarkNPC5">
		<ScreenID>GroupRoleMarkNPC5</ScreenID>
		<RelativePosition>true</RelativePosition>
		<Style_Transparent>false</Style_Transparent>
		<Style_Checkbox>false</Style_Checkbox>
		<ButtonDrawTemplate>
			<NormalDecal>A_MarkNPC</NormalDecal>
		</ButtonDrawTemplate>
		<DecalSize>
			<CX>15</CX>
			<CY>15</CY>
		</DecalSize>
		<TopAnchorOffset>166</TopAnchorOffset>
		<BottomAnchorOffset>181</BottomAnchorOffset>
		<RightAnchorOffset>0</RightAnchorOffset>
		<LeftAnchorOffset>15</LeftAnchorOffset>
		<AutoStretch>true</AutoStretch>
		<LeftAnchorToLeft>false</LeftAnchorToLeft>
		<RightAnchorToLeft>false</RightAnchorToLeft>
	</Button>
	<Label item="GW_AggroPctPlayer1">
		<ScreenID>GW_AggroPctPlayer1</ScreenID>
		<RelativePosition>true</RelativePosition>
		<Font>2</Font>
		<Text>78</Text>
		<EQType>309</EQType>
		<NoWrap>true</NoWrap>
		<AutoStretch>true</AutoStretch>
		<AlignLeft>true</AlignLeft>
		<TopAnchorOffset>21</TopAnchorOffset>
		<BottomAnchorOffset>33</BottomAnchorOffset>
		<RightAnchorToLeft>false</RightAnchorToLeft>
	</Label>
	<Label item="GW_AggroPctPlayer2">
		<ScreenID>GW_AggroPctPlayer2</ScreenID>
		<RelativePosition>true</RelativePosition>
		<Font>2</Font>
		<Text>78</Text>
		<EQType>310</EQType>
		<NoWrap>true</NoWrap>
		<AutoStretch>true</AutoStretch>
		<AlignLeft>true</AlignLeft>
		<TopAnchorOffset>62</TopAnchorOffset>
		<BottomAnchorOffset>74</BottomAnchorOffset>
		<RightAnchorToLeft>false</RightAnchorToLeft>
	</Label>
	<Label item="GW_AggroPctPlayer3">
		<ScreenID>GW_AggroPctPlayer3</ScreenID>
		<RelativePosition>true</RelativePosition>
		<Font>2</Font>
		<Text>78</Text>
		<EQType>311</EQType>
		<NoWrap>true</NoWrap>
		<AutoStretch>true</AutoStretch>
		<AlignLeft>true</AlignLeft>
		<TopAnchorOffset>103</TopAnchorOffset>
		<BottomAnchorOffset>115</BottomAnchorOffset>
		<RightAnchorToLeft>false</RightAnchorToLeft>
	</Label>
	<Label item="GW_AggroPctPlayer4">
		<ScreenID>GW_AggroPctPlayer4</ScreenID>
		<RelativePosition>true</RelativePosition>
		<Font>2</Font>
		<Text>78</Text>
		<EQType>312</EQType>
		<NoWrap>true</NoWrap>
		<AutoStretch>true</AutoStretch>
		<AlignLeft>true</AlignLeft>
		<TopAnchorOffset>144</TopAnchorOffset>
		<BottomAnchorOffset>156</BottomAnchorOffset>
		<RightAnchorToLeft>false</RightAnchorToLeft>
	</Label>
	<Label item="GW_AggroPctPlayer5">
		<ScreenID>GW_AggroPctPlayer5</ScreenID>
		<RelativePosition>true</RelativePosition>
		<Font>2</Font>
		<Text>78</Text>
		<EQType>313</EQType>
		<NoWrap>true</NoWrap>
		<AutoStretch>true</AutoStretch>
		<AlignLeft>true</AlignLeft>
		<TopAnchorOffset>185</TopAnchorOffset>
		<BottomAnchorOffset>197</BottomAnchorOffset>
		<RightAnchorToLeft>false</RightAnchorToLeft>
	</Label>
	<Screen item="GroupWindow">
		<ScreenID />
		<RelativePosition>false</RelativePosition>
		<Location>
			<X>3</X>
			<Y>134</Y>
		</Location>
		<Size>
			<CX>147</CX>
			<CY>260</CY>
		</Size>
<!--ADD-->	<MinHSize>120</MinHSize>
<!--ADD-->	<MinVSize>25</MinVSize>
		<Text>Group</Text>
		<Style_VScroll>false</Style_VScroll>
		<Style_HScroll>false</Style_HScroll>
		<Style_Transparent>false</Style_Transparent>
		<TooltipReference>This is the party window.</TooltipReference>
<!--MODIFY-->	<Style_Titlebar>false</Style_Titlebar>
<!--ADD-->	<Style_ClientMovable>true</Style_ClientMovable>
		<Style_Closebox>false</Style_Closebox>
		<Style_Minimizebox>false</Style_Minimizebox>
		<Style_Border>true</Style_Border>
		<Style_Sizable>true</Style_Sizable>
		<Escapable>false</Escapable>
<!--MODIFY-->	<DrawTemplate>WDT_InnerGray</DrawTemplate>
		<Pieces>GW_AggroPctPlayer1</Pieces>
		<Pieces>GW_AggroPctPlayer2</Pieces>
		<Pieces>GW_AggroPctPlayer3</Pieces>
		<Pieces>GW_AggroPctPlayer4</Pieces>
		<Pieces>GW_AggroPctPlayer5</Pieces>
		<Pieces>GW_Gauge1</Pieces>
		<Pieces>GW_Gauge2</Pieces>
		<Pieces>GW_Gauge3</Pieces>
		<Pieces>GW_Gauge4</Pieces>
		<Pieces>GW_Gauge5</Pieces>
		<Pieces>GW_PetGauge1</Pieces>
		<Pieces>GW_PetGauge2</Pieces>
		<Pieces>GW_PetGauge3</Pieces>
		<Pieces>GW_PetGauge4</Pieces>
		<Pieces>GW_PetGauge5</Pieces>
		<Pieces>GW_ManaGauge1</Pieces>
		<Pieces>GW_ManaGauge2</Pieces>
		<Pieces>GW_ManaGauge3</Pieces>
		<Pieces>GW_ManaGauge4</Pieces>
		<Pieces>GW_ManaGauge5</Pieces>
		<Pieces>GW_STAGauge1</Pieces>
		<Pieces>GW_STAGauge2</Pieces>
		<Pieces>GW_STAGauge3</Pieces>
		<Pieces>GW_STAGauge4</Pieces>
		<Pieces>GW_STAGauge5</Pieces>
		<Pieces>GW_HPLabel1</Pieces>
		<Pieces>GW_HPPercLabel1</Pieces>
		<Pieces>GW_HPLabel2</Pieces>
		<Pieces>GW_HPPercLabel2</Pieces>
		<Pieces>GW_HPLabel3</Pieces>
		<Pieces>GW_HPPercLabel3</Pieces>
		<Pieces>GW_HPLabel4</Pieces>
		<Pieces>GW_HPPercLabel4</Pieces>
		<Pieces>GW_HPLabel5</Pieces>
		<Pieces>GW_HPPercLabel5</Pieces>
		<Pieces>GW_LFGButton</Pieces>
		<Pieces>GW_Voice1</Pieces>
		<Pieces>GW_Voice2</Pieces>
		<Pieces>GW_Voice3</Pieces>
		<Pieces>GW_Voice4</Pieces>
		<Pieces>GW_Voice5</Pieces>
		<Pieces>GW_GroupRoleTank1</Pieces>
		<Pieces>GW_GroupRoleAssist1</Pieces>
		<Pieces>GW_GroupRolePuller1</Pieces>
		<Pieces>GW_GroupRoleMarkNPC1</Pieces>
		<Pieces>GW_GroupRoleTank2</Pieces>
		<Pieces>GW_GroupRoleAssist2</Pieces>
		<Pieces>GW_GroupRolePuller2</Pieces>
		<Pieces>GW_GroupRoleMarkNPC2</Pieces>
		<Pieces>GW_GroupRoleTank3</Pieces>
		<Pieces>GW_GroupRoleAssist3</Pieces>
		<Pieces>GW_GroupRolePuller3</Pieces>
		<Pieces>GW_GroupRoleMarkNPC3</Pieces>
		<Pieces>GW_GroupRoleTank4</Pieces>
		<Pieces>GW_GroupRoleAssist4</Pieces>
		<Pieces>GW_GroupRolePuller4</Pieces>
		<Pieces>GW_GroupRoleMarkNPC4</Pieces>
		<Pieces>GW_GroupRoleTank5</Pieces>
		<Pieces>GW_GroupRoleAssist5</Pieces>
		<Pieces>GW_GroupRolePuller5</Pieces>
		<Pieces>GW_GroupRoleMarkNPC5</Pieces>
		<Pieces>GW_InviteButton</Pieces>
		<Pieces>GW_DisbandButton</Pieces>
		<Pieces>GW_FollowButton</Pieces>
		<Pieces>GW_DeclineButton</Pieces>
	</Screen>
</XML>