<?xml version="1.0" encoding="us-ascii"?>
<XML ID="EQInterfaceDefinitionLanguage">
	<Schema xmlns="EverQuestData" xmlns:dt="EverQuestDataTypes" />
	<TextureInfo item="AttackIndicator.tga">
		<Size>
			<CX>128</CX>
			<CY>32</CY>
		</Size>
	</TextureInfo>
	<Ui2DAnimation item="A_AttackIndicatorTop">
		<Cycle>false</Cycle>
		<Frames>
			<Texture>AttackIndicator.tga</Texture>
			<Location>
				<X>0</X>
				<Y>0</Y>
			</Location>
			<Size>
<!--MODIFY-->			<CX>114</CX>
<!--MODIFY-->			<CY>3</CY>
			</Size>
		</Frames>
	</Ui2DAnimation>
	<Ui2DAnimation item="A_AttackIndicatorBottom">
		<Cycle>false</Cycle>
		<Frames>
			<Texture>AttackIndicator.tga</Texture>
			<Location>
				<X>0</X>
				<Y>29</Y>
			</Location>
			<Size>
<!--MODIFY-->			<CX>114</CX>
				<CY>3</CY>
			</Size>
		</Frames>
	</Ui2DAnimation>
	<Ui2DAnimation item="A_AttackIndicatorLeft">
		<Cycle>false</Cycle>
		<Frames>
			<Texture>AttackIndicator.tga</Texture>
			<Location>
				<X>0</X>
<!--MODIFY-->			<Y>3</Y>
			</Location>
			<Size>
				<CX>3</CX>
<!--MODIFY-->			<CY>26</CY>
			</Size>
		</Frames>
	</Ui2DAnimation>
	<Ui2DAnimation item="A_AttackIndicatorRight">
		<Cycle>false</Cycle>
		<Frames>
			<Texture>AttackIndicator.tga</Texture>
			<Location>
				<X>111</X>
				<Y>3</Y>
			</Location>
			<Size>
<!--MODIFY-->			<CX>3</CX>
				<CY>26</CY>
			</Size>
		</Frames>
	</Ui2DAnimation>
	<Ui2DAnimation item="A_AttackIndicatorFill">
		<Cycle>false</Cycle>
		<Frames>
			<Texture>AttackIndicator.tga</Texture>
			<Location>
<!--MODIFY-->			<X>3</X>
<!--MODIFY-->			<Y>3</Y>
			</Location>
			<Size>
<!--MODIFY-->			<CX>108</CX>
<!--MODIFY-->			<CY>26</CY>
			</Size>
		</Frames>
	</Ui2DAnimation>
	<StaticAnimation item="A_AttackIndicatorAnimTop">
		<ScreenID>A_AttackIndicatorAnimTop</ScreenID>
		<Animation>A_AttackIndicatorTop</Animation>
		<AutoDraw>false</AutoDraw>
		<AutoStretch>true</AutoStretch>
		<TopAnchorOffset>0</TopAnchorOffset>
		<BottomAnchorOffset>3</BottomAnchorOffset>
		<LeftAnchorOffset>0</LeftAnchorOffset>
		<RightAnchorOffset>0</RightAnchorOffset>
		<TopAnchorToTop>true</TopAnchorToTop>
		<BottomAnchorToTop>true</BottomAnchorToTop>
		<LeftAnchorToLeft>true</LeftAnchorToLeft>
		<RightAnchorToLeft>false</RightAnchorToLeft>
	</StaticAnimation>
	<StaticAnimation item="A_AttackIndicatorAnimBottom">
		<ScreenID>A_AttackIndicatorAnimBottom</ScreenID>
		<Animation>A_AttackIndicatorBottom</Animation>
		<AutoDraw>false</AutoDraw>
		<AutoStretch>true</AutoStretch>
<!--MODIFY-->	<TopAnchorOffset>27</TopAnchorOffset>
<!--MODIFY-->	<BottomAnchorOffset>30</BottomAnchorOffset>
		<LeftAnchorOffset>0</LeftAnchorOffset>
		<RightAnchorOffset>0</RightAnchorOffset>
		<TopAnchorToTop>true</TopAnchorToTop>
		<BottomAnchorToTop>true</BottomAnchorToTop>
		<LeftAnchorToLeft>true</LeftAnchorToLeft>
		<RightAnchorToLeft>false</RightAnchorToLeft>
	</StaticAnimation>
	<StaticAnimation item="A_AttackIndicatorAnimLeft">
		<ScreenID>A_AttackIndicatorAnimLeft</ScreenID>
		<Animation>A_AttackIndicatorLeft</Animation>
		<AutoDraw>false</AutoDraw>
		<AutoStretch>true</AutoStretch>
<!--MODIFY-->	<TopAnchorOffset>2</TopAnchorOffset>
<!--MODIFY-->	<BottomAnchorOffset>27</BottomAnchorOffset>
		<LeftAnchorOffset>0</LeftAnchorOffset>
<!--MODIFY-->	<RightAnchorOffset>3</RightAnchorOffset>		
		<TopAnchorToTop>true</TopAnchorToTop>
		<BottomAnchorToTop>true</BottomAnchorToTop>
		<LeftAnchorToLeft>true</LeftAnchorToLeft>
		<RightAnchorToLeft>true</RightAnchorToLeft>
	</StaticAnimation>
	<StaticAnimation item="A_AttackIndicatorAnimRight">
		<ScreenID>A_AttackIndicatorAnimRight</ScreenID>
		<Animation>A_AttackIndicatorRight</Animation>
		<AutoDraw>false</AutoDraw>
		<AutoStretch>true</AutoStretch>
<!--MODIFY-->	<TopAnchorOffset>2</TopAnchorOffset>
<!--MODIFY-->	<BottomAnchorOffset>27</BottomAnchorOffset>
<!--MODIFY-->	<LeftAnchorOffset>3</LeftAnchorOffset>
		<RightAnchorOffset>0</RightAnchorOffset>
		<TopAnchorToTop>true</TopAnchorToTop>
		<BottomAnchorToTop>true</BottomAnchorToTop>
		<LeftAnchorToLeft>false</LeftAnchorToLeft>
		<RightAnchorToLeft>false</RightAnchorToLeft>
	</StaticAnimation>
	<StaticAnimation item="A_AttackIndicatorAnimFill">
		<ScreenID>A_AttackIndicatorAnimFill</ScreenID>
		<Animation>A_AttackIndicatorFill</Animation>
		<AutoDraw>false</AutoDraw>
		<AutoStretch>true</AutoStretch>
<!--MODIFY-->	<LeftAnchorOffset>3</LeftAnchorOffset>
		<TopAnchorOffset>3</TopAnchorOffset>
<!--MODIFY-->	<RightAnchorOffset>3</RightAnchorOffset>
<!--MODIFY-->	<BottomAnchorOffset>29</BottomAnchorOffset>
		<BottomAnchorToTop>true</BottomAnchorToTop>
		<RightAnchorToLeft>false</RightAnchorToLeft>
	</StaticAnimation>
	<Ui2DAnimation item="A_PWCSInCombat">
		<Cycle>true</Cycle>
		<Frames>
			<Texture>window_pieces06.tga</Texture>
			<Location>
				<X>200</X>
				<Y>0</Y>
			</Location>
			<Size>
				<CX>40</CX>
				<CY>40</CY>
			</Size>
			<Hotspot>
				<X>0</X>
				<Y>0</Y>
			</Hotspot>
			<Duration>1000</Duration>
		</Frames>
	</Ui2DAnimation>
	<Ui2DAnimation item="A_PWCSTimer">
		<Cycle>true</Cycle>
		<Frames>
			<Texture>window_pieces06.tga</Texture>
			<Location>
				<X>200</X>
				<Y>80</Y>
			</Location>
			<Size>
				<CX>40</CX>
				<CY>40</CY>
			</Size>
			<Hotspot>
				<X>0</X>
				<Y>0</Y>
			</Hotspot>
			<Duration>1000</Duration>
		</Frames>
	</Ui2DAnimation>
	<Ui2DAnimation item="A_PWCSDebuff">
		<Cycle>true</Cycle>
		<Frames>
			<Texture>window_pieces06.tga</Texture>
			<Location>
				<X>200</X>
				<Y>40</Y>
			</Location>
			<Size>
				<CX>40</CX>
				<CY>40</CY>
			</Size>
			<Hotspot>
				<X>0</X>
				<Y>0</Y>
			</Hotspot>
			<Duration>1000</Duration>
		</Frames>
	</Ui2DAnimation>
	<Ui2DAnimation item="A_PWCSStanding">
		<Cycle>true</Cycle>
		<Frames>
			<Texture>window_pieces06.tga</Texture>
			<Location>
				<X>200</X>
				<Y>120</Y>
			</Location>
			<Size>
				<CX>40</CX>
				<CY>40</CY>
			</Size>
			<Hotspot>
				<X>0</X>
				<Y>0</Y>
			</Hotspot>
			<Duration>1000</Duration>
		</Frames>
	</Ui2DAnimation>
	<Ui2DAnimation item="A_PWCSRegen">
		<Cycle>true</Cycle>
		<Frames>
			<Texture>window_pieces06.tga</Texture>
			<Location>
				<X>200</X>
				<Y>160</Y>
			</Location>
			<Size>
				<CX>40</CX>
				<CY>40</CY>
			</Size>
			<Hotspot>
				<X>0</X>
				<Y>0</Y>
			</Hotspot>
			<Duration>1000</Duration>
		</Frames>
	</Ui2DAnimation>
	<Ui2DAnimation item="A_AttackIndicator">
		<Cycle>false</Cycle>
		<Frames>
			<Texture>AttackIndicator.tga</Texture>
			<Location>
				<X>0</X>
				<Y>0</Y>
			</Location>
			<Size>
				<CX>114</CX>
				<CY>32</CY>
			</Size>
		</Frames>
	</Ui2DAnimation>
	<Gauge item="Player_CombatTimer">
		<ScreenID>Player_CombatTimer</ScreenID>
		<RelativePosition>true</RelativePosition>
		<GaugeOffsetY>0</GaugeOffsetY>
		<FillTint>
			<R>169</R>
			<G>169</G>
			<B>169</B>
		</FillTint>
		<EQType>29</EQType>
		<GaugeDrawTemplate>
			<Background>A_GaugeBackground</Background>
			<Fill>A_GaugeFill</Fill>
			<Lines>A_GaugeLines</Lines>
			<EndCapLeft>A_GaugeEndCapLeft</EndCapLeft>
			<EndCapRight>A_GaugeEndCapRight</EndCapRight>
		</GaugeDrawTemplate>
		<AutoStretch>true</AutoStretch>
<!--MODIFY-->	<TopAnchorOffset>62</TopAnchorOffset>
<!--MODIFY-->	<BottomAnchorOffset>72</BottomAnchorOffset>
		<LeftAnchorOffset>2</LeftAnchorOffset>
<!--MODIFY-->	<RightAnchorOffset>2</RightAnchorOffset>
		<RightAnchorToLeft>false</RightAnchorToLeft>
	</Gauge>
	<Label item="Player_CombatTimerLabel">
		<ScreenID>Player_CombatTimerLabel</ScreenID>
		<EQType>137</EQType>
		<RelativePosition>true</RelativePosition>
		<Text>00:30</Text>
		<NoWrap>true</NoWrap>
		<AlignCenter>true</AlignCenter>
		<AlignRight>false</AlignRight>
		<Font>1</Font>
		<AutoStretch>true</AutoStretch>
<!--MODIFY-->	<TopAnchorOffset>61</TopAnchorOffset>
<!--MODIFY-->	<BottomAnchorOffset>71</BottomAnchorOffset>
<!--MODIFY-->	<LeftAnchorOffset>9</LeftAnchorOffset>
		<RightAnchorToLeft>false</RightAnchorToLeft>
		<Style_Tooltip>false</Style_Tooltip>
	</Label>
	<Button item="PW_CombatStateAnim">
		<ScreenID>PW_CombatStateAnim</ScreenID>
		<RelativePosition>true</RelativePosition>
		<Style_Transparent>false</Style_Transparent>
		<Style_Checkbox>false</Style_Checkbox>
		<DecalSize>
			<CX>26</CX>
			<CY>26</CY>
		</DecalSize>
		<AutoStretch>true</AutoStretch>
<!--ADD-->	<TopAnchorOffset>2</TopAnchorOffset>
<!--MODIFY-->	<BottomAnchorOffset>28</BottomAnchorOffset>
<!--MODIFY-->	<LeftAnchorOffset>28</LeftAnchorOffset>
<!--MODIFY-->	<RightAnchorOffset>2</RightAnchorOffset>
		<LeftAnchorToLeft>false</LeftAnchorToLeft>
		<RightAnchorToLeft>false</RightAnchorToLeft>
	</Button>
	
	<Button item="PW_NewMailIcon">
		<ScreenID>PW_NewMailIcon</ScreenID>
		<RelativePosition>true</RelativePosition>
		<Style_Transparent>true</Style_Transparent>
		<Style_Checkbox>false</Style_Checkbox>
		<TooltipReference>You have unread mail in your inbox.</TooltipReference>
		<ButtonDrawTemplate>
			<Normal>A_NewMailIcon</Normal>
		</ButtonDrawTemplate>
		<AutoStretch>true</AutoStretch>
<!--MODIFY-->	<TopAnchorOffset>12</TopAnchorOffset>
<!--MODIFY-->	<LeftAnchorOffset>0</LeftAnchorOffset>
<!--MODIFY-->	<BottomAnchorOffset>35</BottomAnchorOffset>
<!--MODIFY-->	<RightAnchorOffset>25</RightAnchorOffset>
<!--MODIFY-->	<RightAnchorToLeft>true</RightAnchorToLeft>
<!--MODIFY-->	<LeftAnchorToLeft>true</LeftAnchorToLeft>
	</Button>
    
    <Button item="PW_ParcelsIcon">
		<ScreenID>PW_ParcelsIcon</ScreenID>
		<RelativePosition>true</RelativePosition>
		<Style_Transparent>true</Style_Transparent>
		<Style_Checkbox>false</Style_Checkbox>
		<TooltipReference>You have parcel deliveries.</TooltipReference>
		<ButtonDrawTemplate>
			<Normal>A_ParcelsIcon</Normal>
		</ButtonDrawTemplate>
		<AutoStretch>true</AutoStretch>
<!--MODIFY-->	<BottomAnchorOffset>34</BottomAnchorOffset>
<!--MODIFY-->	<TopAnchorOffset>14</TopAnchorOffset>
<!--MODIFY-->	<RightAnchorOffset>41</RightAnchorOffset>
<!--MODIFY-->	<LeftAnchorOffset>21</LeftAnchorOffset>
<!--MODIFY-->	<RightAnchorToLeft>true</RightAnchorToLeft>
<!--MODIFY-->	<LeftAnchorToLeft>true</LeftAnchorToLeft>
	</Button>
	<Button item="PW_ParcelsOverLimitIcon">
		<ScreenID>PW_ParcelsOverLimitIcon</ScreenID>
		<RelativePosition>true</RelativePosition>
		<Style_Transparent>true</Style_Transparent>
		<Style_Checkbox>false</Style_Checkbox>
		<TooltipReference>You are over your parcel limit! Retrieve the excess ones soon or risk losing them!</TooltipReference>
		<ButtonDrawTemplate>
			<Normal>A_ParcelsOverLimitIcon</Normal>
		</ButtonDrawTemplate>
		<AutoStretch>true</AutoStretch>
<!--MODIFY-->	<BottomAnchorOffset>34</BottomAnchorOffset>
<!--MODIFY-->	<TopAnchorOffset>14</TopAnchorOffset>
<!--MODIFY-->	<RightAnchorOffset>61</RightAnchorOffset>
<!--MODIFY-->	<LeftAnchorOffset>41</LeftAnchorOffset>
<!--MODIFY-->	<RightAnchorToLeft>true</RightAnchorToLeft>
<!--MODIFY-->	<LeftAnchorToLeft>true</LeftAnchorToLeft>
	</Button>
	
	<Gauge item="Player_HP">
		<ScreenID>PlayerHP</ScreenID>
		<TextColor>
			<R>240</R>
			<G>240</G>
			<B>240</B>
		</TextColor>
		<RelativePosition>true</RelativePosition>
		<TextOffsetX>1</TextOffsetX>
<!--MODIFY-->	<TextOffsetY>3</TextOffsetY>
		<GaugeOffsetY>34</GaugeOffsetY>
		<FillTint>
			<R>240</R>
			<G>0</G>
			<B>0</B>
		</FillTint>
		<EQType>1</EQType>
		<GaugeDrawTemplate>
			<Background>A_GaugeBackground</Background>
			<Fill>A_GaugeFill</Fill>
			<Lines>A_GaugeLines</Lines>
			<EndCapLeft>A_GaugeEndCapLeft</EndCapLeft>
			<EndCapRight>A_GaugeEndCapRight</EndCapRight>
		</GaugeDrawTemplate>
		<AutoStretch>true</AutoStretch>
<!--MODIFY-->	<TopAnchorOffset>-4</TopAnchorOffset>
<!--MODIFY-->	<BottomAnchorOffset>40</BottomAnchorOffset>
<!--ADD-->	<RightAnchorOffset>2</RightAnchorOffset>
		<LeftAnchorOffset>2</LeftAnchorOffset>
		<RightAnchorToLeft>false</RightAnchorToLeft>
	</Gauge>
   
	<Label item="Player_HPLabel">
		<ScreenID>HPLabel</ScreenID>
		<EQType>19</EQType>
		<RelativePosition>true</RelativePosition>
		<Text>100</Text>
		<NoWrap>true</NoWrap>
		<AlignCenter>true</AlignCenter>
		<Font>1</Font>
		<AutoStretch>true</AutoStretch>
<!--MODIFY-->	<TopAnchorOffset>29</TopAnchorOffset>
<!--MODIFY-->	<BottomAnchorOffset>39</BottomAnchorOffset>
		<LeftAnchorOffset>2</LeftAnchorOffset>
		<RightAnchorToLeft>false</RightAnchorToLeft>
		<Style_Tooltip>false</Style_Tooltip>
	</Label>
	<Label item="Player_HPPercLabel">
		<ScreenID>HPPerLabel</ScreenID>
		<RelativePosition>true</RelativePosition>
		<Text>%</Text>
		<NoWrap>true</NoWrap>
		<AlignCenter>true</AlignCenter>
		<Font>1</Font>
		<AutoStretch>true</AutoStretch>
<!--MODIFY-->	<TopAnchorOffset>29</TopAnchorOffset>
<!--MODIFY-->	<BottomAnchorOffset>39</BottomAnchorOffset>
		<LeftAnchorOffset>24</LeftAnchorOffset>
		<RightAnchorToLeft>false</RightAnchorToLeft>
		<Style_Tooltip>false</Style_Tooltip>
	</Label>
	<Gauge item="Pet_HP">
		<ScreenID>PetHP</ScreenID>
		<TextColor>
			<R>0</R>
			<G>0</G>
			<B>0</B>
		</TextColor>
		<RelativePosition>true</RelativePosition>
		<TextOffsetY>-50</TextOffsetY>
		<GaugeOffsetY>-2</GaugeOffsetY>
		<FillTint>
			<R>51</R>
			<G>192</G>
			<B>51</B>
		</FillTint>
		<EQType>16</EQType>
		<GaugeDrawTemplate>
			<Fill>A_GaugeFill</Fill>
		</GaugeDrawTemplate>
		<AutoStretch>true</AutoStretch>
<!--MODIFY-->	<TopAnchorOffset>36</TopAnchorOffset>
<!--MODIFY-->	<BottomAnchorOffset>40</BottomAnchorOffset>
		<LeftAnchorOffset>6</LeftAnchorOffset>
<!--MODIFY-->	<RightAnchorOffset>6</RightAnchorOffset>
		<RightAnchorToLeft>false</RightAnchorToLeft>
	</Gauge>
	<Gauge item="Player_Mana">
		<ScreenID>PlayerMana</ScreenID>
		<RelativePosition>true</RelativePosition>
		<GaugeOffsetY>0</GaugeOffsetY>
		<FillTint>
			<R>0</R>
			<G>128</G>
			<B>255</B>
		</FillTint>
		<EQType>2</EQType>
		<GaugeDrawTemplate>
			<Background>A_GaugeBackground</Background>
			<Fill>A_GaugeFill</Fill>
			<Lines>A_GaugeLines</Lines>
			<EndCapLeft>A_GaugeEndCapLeft</EndCapLeft>
			<EndCapRight>A_GaugeEndCapRight</EndCapRight>
		</GaugeDrawTemplate>
		<AutoStretch>true</AutoStretch>
<!--MODIFY-->	<TopAnchorOffset>40</TopAnchorOffset>
<!--MODIFY-->	<BottomAnchorOffset>50</BottomAnchorOffset>
<!--ADD-->	<RightAnchorOffset>2</RightAnchorOffset>
		<LeftAnchorOffset>2</LeftAnchorOffset>
		<RightAnchorToLeft>false</RightAnchorToLeft>
	</Gauge>
	<Label item="Player_ManaLabel">
		<ScreenID>ManaLabel</ScreenID>
		<EQType>20</EQType>
		<Font>1</Font>
		<RelativePosition>true</RelativePosition>
		<Text>100</Text>
		<NoWrap>true</NoWrap>
		<AlignCenter>true</AlignCenter>
		<AutoStretch>true</AutoStretch>
<!--MODIFY-->	<TopAnchorOffset>39</TopAnchorOffset>
<!--MODIFY-->	<BottomAnchorOffset>49</BottomAnchorOffset>
		<LeftAnchorOffset>2</LeftAnchorOffset>
		<RightAnchorToLeft>false</RightAnchorToLeft>
		<Style_Tooltip>false</Style_Tooltip>
	</Label>
	<Label item="Player_ManaPercLabel">
		<ScreenID>ManPercLabel</ScreenID>
		<Font>1</Font>
		<Text>%</Text>
		<AlignCenter>true</AlignCenter>
		<AutoStretch>true</AutoStretch>
<!--MODIFY-->	<TopAnchorOffset>39</TopAnchorOffset>
<!--MODIFY-->	<BottomAnchorOffset>49</BottomAnchorOffset>
		<LeftAnchorOffset>24</LeftAnchorOffset>
		<RightAnchorToLeft>false</RightAnchorToLeft>
		<Style_Tooltip>false</Style_Tooltip>
	</Label>
	<Gauge item="Player_Fatigue">
		<ScreenID>PlayerFatigue</ScreenID>
		<RelativePosition>true</RelativePosition>
		<GaugeOffsetY>0</GaugeOffsetY>
		<FillTint>
			<R>240</R>
			<G>240</G>
			<B>0</B>
		</FillTint>
		<EQType>3</EQType>
		<GaugeDrawTemplate>
			<Background>A_GaugeBackground</Background>
			<Fill>A_GaugeFill</Fill>
			<Lines>A_GaugeLines</Lines>
			<EndCapLeft>A_GaugeEndCapLeft</EndCapLeft>
			<EndCapRight>A_GaugeEndCapRight</EndCapRight>
		</GaugeDrawTemplate>
		<AutoStretch>true</AutoStretch>
<!--MODIFY-->	<TopAnchorOffset>50</TopAnchorOffset>
<!--MODIFY-->	<BottomAnchorOffset>60</BottomAnchorOffset>
<!--ADD-->	<RightAnchorOffset>2</RightAnchorOffset>
		<LeftAnchorOffset>2</LeftAnchorOffset>
		<RightAnchorToLeft>false</RightAnchorToLeft>
	</Gauge>
	<Label item="Player_FatigueLabel">
		<ScreenID>FatigueLabel</ScreenID>
		<EQType>21</EQType>
		<Font>1</Font>
		<RelativePosition>true</RelativePosition>
		<Text>100</Text>
		<NoWrap>true</NoWrap>
		<AlignCenter>true</AlignCenter>
		<AutoStretch>true</AutoStretch>
<!--MODIFY-->	<TopAnchorOffset>49</TopAnchorOffset>
<!--MODIFY-->	<BottomAnchorOffset>59</BottomAnchorOffset>
		<LeftAnchorOffset>2</LeftAnchorOffset>
		<RightAnchorToLeft>false</RightAnchorToLeft>
		<Style_Tooltip>false</Style_Tooltip>
	</Label>
	<Label item="Player_FatiguePercLabel">
		<ScreenID>FatiguePercLabel</ScreenID>
		<Font>1</Font>
		<Text>%</Text>
		<AlignCenter>true</AlignCenter>
		<AutoStretch>true</AutoStretch>
<!--MODIFY-->	<TopAnchorOffset>49</TopAnchorOffset>
<!--MODIFY-->	<BottomAnchorOffset>59</BottomAnchorOffset>
		<LeftAnchorOffset>24</LeftAnchorOffset>
		<RightAnchorToLeft>false</RightAnchorToLeft>
		<Style_Tooltip>false</Style_Tooltip>
	</Label>
	<Button item="PW_VoiceVolume">
		<ScreenID>PW_VoiceVolume</ScreenID>
		<EQType>voicechat/SpeakingIndicator</EQType>
		<RelativePosition>true</RelativePosition>
		<Style_Transparent>false</Style_Transparent>
		<Style_Checkbox>false</Style_Checkbox>
		<Template>BDT_Checkbox</Template>
		<AutoStretch>true</AutoStretch>
<!--ADD-->	<TopAnchorOffset>13</TopAnchorOffset>
<!--MODIFY-->	<BottomAnchorOffset>28</BottomAnchorOffset>
<!--MODIFY-->	<LeftAnchorOffset>41</LeftAnchorOffset>
<!--MODIFY-->	<RightAnchorOffset>26</RightAnchorOffset>
		<LeftAnchorToLeft>false</LeftAnchorToLeft>
		<RightAnchorToLeft>false</RightAnchorToLeft>
	</Button>
	<Button item="PW_GroupRoleTank">
		<ScreenID>GroupRoleTank</ScreenID>
		<RelativePosition>true</RelativePosition>
		<Style_Transparent>false</Style_Transparent>
		<Style_Checkbox>false</Style_Checkbox>
		<ButtonDrawTemplate>
			<NormalDecal>A_Tank</NormalDecal>
		</ButtonDrawTemplate>
		<DecalSize>
			<CX>15</CX>
			<CY>15</CY>
		</DecalSize>
		<AutoStretch>true</AutoStretch>
<!--ADD-->	<TopAnchorOffset>2</TopAnchorOffset>
<!--MODIFY-->	<BottomAnchorOffset>17</BottomAnchorOffset>
<!--MODIFY-->	<LeftAnchorOffset>89</LeftAnchorOffset>
<!--MODIFY-->	<RightAnchorOffset>74</RightAnchorOffset>
		<LeftAnchorToLeft>false</LeftAnchorToLeft>
		<RightAnchorToLeft>false</RightAnchorToLeft>
	</Button>
	<Button item="PW_GroupRoleAssist">
		<ScreenID>GroupRoleAssist</ScreenID>
		<RelativePosition>true</RelativePosition>
		<Style_Transparent>false</Style_Transparent>
		<Style_Checkbox>false</Style_Checkbox>
		<ButtonDrawTemplate>
			<NormalDecal>A_Assist</NormalDecal>
		</ButtonDrawTemplate>
		<DecalSize>
			<CX>15</CX>
			<CY>15</CY>
		</DecalSize>
		<AutoStretch>true</AutoStretch>
		<BottomAnchorOffset>15</BottomAnchorOffset>
<!--MODIFY-->	<LeftAnchorOffset>75</LeftAnchorOffset>
<!--MODIFY-->	<RightAnchorOffset>60</RightAnchorOffset>
		<LeftAnchorToLeft>false</LeftAnchorToLeft>
		<RightAnchorToLeft>false</RightAnchorToLeft>
	</Button>
	<Button item="PW_GroupRolePuller">
		<ScreenID>GroupRolePuller</ScreenID>
		<RelativePosition>true</RelativePosition>
		<Style_Transparent>false</Style_Transparent>
		<Style_Checkbox>false</Style_Checkbox>
		<ButtonDrawTemplate>
			<NormalDecal>A_Puller</NormalDecal>
		</ButtonDrawTemplate>
		<DecalSize>
			<CX>15</CX>
			<CY>15</CY>
		</DecalSize>
		<AutoStretch>true</AutoStretch>
<!--ADD-->	<TopAnchorOffset>-2</TopAnchorOffset>
<!--MODIFY-->	<BottomAnchorOffset>13</BottomAnchorOffset>
<!--MODIFY-->	<LeftAnchorOffset>59</LeftAnchorOffset>
<!--MODIFY-->	<RightAnchorOffset>44</RightAnchorOffset>
		<LeftAnchorToLeft>false</LeftAnchorToLeft>
		<RightAnchorToLeft>false</RightAnchorToLeft>
	</Button>
	<Button item="PW_GroupRoleMarkNPC">
		<ScreenID>GroupRoleMarkNPC</ScreenID>
		<RelativePosition>true</RelativePosition>
		<Style_Transparent>false</Style_Transparent>
		<Style_Checkbox>false</Style_Checkbox>
		<ButtonDrawTemplate>
			<NormalDecal>A_MarkNPC</NormalDecal>
		</ButtonDrawTemplate>
		<DecalSize>
			<CX>15</CX>
			<CY>15</CY>
		</DecalSize>
		<AutoStretch>true</AutoStretch>
		<BottomAnchorOffset>15</BottomAnchorOffset>
<!--MODIFY-->	<LeftAnchorOffset>44</LeftAnchorOffset>
<!--MODIFY-->	<RightAnchorOffset>29</RightAnchorOffset>
		<LeftAnchorToLeft>false</LeftAnchorToLeft>
		<RightAnchorToLeft>false</RightAnchorToLeft>
	</Button>

	<Label item="PW_AggroPctPlayerLabel">
		<ScreenID>PW_AggroPctPlayerLabel</ScreenID>
		<RelativePosition>true</RelativePosition>
		<Font>2</Font>
		<Text></Text>
		<EQType>306</EQType>
		<NoWrap>true</NoWrap>
		<AutoStretch>true</AutoStretch>
		<AlignLeft>true</AlignLeft>
<!--MODIFY-->	<TopAnchorOffset>71</TopAnchorOffset>
<!--MODIFY-->	<BottomAnchorOffset>85</BottomAnchorOffset>
<!--ADD-->	<LeftAnchorOffset>2</LeftAnchorOffset>
		<RightAnchorToLeft>false</RightAnchorToLeft>
	</Label>
	<Label item="PW_AggroNameSecondaryLabel">
		<ScreenID>PW_AggroNameSecondaryLabel</ScreenID>
		<RelativePosition>true</RelativePosition>
		<Font>2</Font>
		<Text></Text>
		<EQType>304</EQType>
		<NoWrap>true</NoWrap>
		<AutoStretch>true</AutoStretch>
		<AlignCenter>true</AlignCenter>
<!--MODIFY-->	<TopAnchorOffset>71</TopAnchorOffset>
<!--MODIFY-->	<BottomAnchorOffset>85</BottomAnchorOffset>
		<RightAnchorToLeft>false</RightAnchorToLeft>
	</Label>
	<Label item="PW_AggroPctSecondaryLabel">
		<ScreenID>PW_AggroPctSecondaryLabel</ScreenID>
		<RelativePosition>true</RelativePosition>
		<Font>2</Font>
		<Text></Text>
		<EQType>308</EQType>
		<NoWrap>true</NoWrap>
		<AutoStretch>true</AutoStretch>
		<AlignRight>true</AlignRight>
<!--MODIFY-->	<TopAnchorOffset>71</TopAnchorOffset>
<!--MODIFY-->	<BottomAnchorOffset>85</BottomAnchorOffset>
<!--ADD-->	<RightAnchorOffset>2</RightAnchorOffset>
		<LeftAnchorOffset>35</LeftAnchorOffset>
		<RightAnchorToLeft>false</RightAnchorToLeft>
	</Label>
	<Screen item="PlayerWindow">
		<RelativePosition>false</RelativePosition>
		<Location>
			<X>3</X>
			<Y>0</Y>
		</Location>
		<Size>
			<CX>160</CX>
			<CY>95</CY>
		</Size>
<!--ADD-->	<MinHSize>30</MinHSize>
<!--ADD-->	<MinVSize>30</MinVSize>
		<Style_VScroll>false</Style_VScroll>
		<Style_HScroll>false</Style_HScroll>
		<Style_Transparent>false</Style_Transparent>
<!--MODIFY-->	<DrawTemplate>WDT_InnerGray</DrawTemplate>
<!--MODIFY-->	<Style_Titlebar>false</Style_Titlebar>
<!--ADD-->	<Style_ClientMovable>true</Style_ClientMovable>
		<Style_Closebox>false</Style_Closebox>
		<Style_Minimizebox>false</Style_Minimizebox>
		<Style_Border>true</Style_Border>
		<Style_Sizable>true</Style_Sizable>
		<Escapable>false</Escapable>
		<Pieces>Player_HP</Pieces>
		<Pieces>Pet_HP</Pieces>
		<Pieces>Player_Mana</Pieces>
		<Pieces>Player_Fatigue</Pieces>
		<Pieces>Player_CombatTimer</Pieces>
		<Pieces>Player_HPLabel</Pieces>
		<Pieces>Player_HPPercLabel</Pieces>
		<Pieces>Player_ManaLabel</Pieces>
		<Pieces>Player_ManaPercLabel</Pieces>
		<Pieces>Player_FatigueLabel</Pieces>
		<Pieces>Player_FatiguePercLabel</Pieces>
		<Pieces>Player_CombatTimerLabel</Pieces>
		<Pieces>PW_CombatStateAnim</Pieces>
		<Pieces>PW_NewMailIcon</Pieces>
		<Pieces>PW_ParcelsIcon</Pieces>
		<Pieces>PW_ParcelsOverLimitIcon</Pieces> 
		<Pieces>PW_VoiceVolume</Pieces>
		<Pieces>PW_GroupRoleTank</Pieces>
		<Pieces>PW_GroupRoleAssist</Pieces>
		<Pieces>PW_GroupRolePuller</Pieces>
		<Pieces>PW_GroupRoleMarkNPC</Pieces>
		<Pieces>A_AttackIndicatorAnimTop</Pieces>
		<Pieces>A_AttackIndicatorAnimBottom</Pieces>
		<Pieces>A_AttackIndicatorAnimLeft</Pieces>
		<Pieces>A_AttackIndicatorAnimRight</Pieces>
		<Pieces>A_AttackIndicatorAnimFill</Pieces>
		<Pieces>PW_AggroPctPlayerLabel</Pieces>
		<Pieces>PW_AggroNameSecondaryLabel</Pieces>
		<Pieces>PW_AggroPctSecondaryLabel</Pieces>
	</Screen>
</XML>