<?xml version="1.0" encoding="us-ascii"?>
<XML ID="EQInterfaceDefinitionLanguage">
	<Schema xmlns="EverQuestData" xmlns:dt="EverQuestDataTypes" />

<!--ADDBLOCK: START-->
	<Gauge item="TOTW_TargetHP">
		<ScreenID>TOTW_TargetHP</ScreenID>
		<RelativePosition>true</RelativePosition>
		<AutoStretch>true</AutoStretch>
		<NoWrap>true</NoWrap>
		<RightAnchorToLeft>false</RightAnchorToLeft>
		<Font>2</Font>
		<TextColor>
			<R>240</R>
			<G>240</G>
			<B>240</B>
		</TextColor>
		<GaugeOffsetY>10</GaugeOffsetY>
		<TextOffsetY>-3</TextOffsetY>
		<TopAnchorOffset>2</TopAnchorOffset>
		<BottomAnchorOffset>28</BottomAnchorOffset>
		<LeftAnchorOffset>2</LeftAnchorOffset>
		<RightAnchorOffset>2</RightAnchorOffset>
		<FillTint>
			<R>240</R>
			<G>0</G>
			<B>0</B>
		</FillTint>
		<DrawLinesFill>false</DrawLinesFill>
		<EQType>6</EQType>
		<GaugeDrawTemplate>
			<Background>A_GaugeBackground</Background>
			<Fill>A_GaugeFill</Fill>
			<Lines>A_GaugeLines</Lines>
			<LinesFill>A_GaugeLinesFill</LinesFill>
			<EndCapLeft>A_GaugeEndCapLeft</EndCapLeft>
			<EndCapRight>A_GaugeEndCapRight</EndCapRight>
		</GaugeDrawTemplate>
	</Gauge>

	<Label item="TOTW_TargetHPLabel">
		<ScreenID>TOTW_TargetHPLabel</ScreenID>
		<EQType>29</EQType>
		<RelativePosition>true</RelativePosition>
		<AutoStretch>true</AutoStretch>
		<NoWrap>true</NoWrap>
		<AlignCenter>true</AlignCenter>
		<RightAnchorToLeft>false</RightAnchorToLeft>
		<Font>2</Font>
		<Text></Text>
		<TextColor>
			<R>240</R>
			<G>240</G>
			<B>240</B>
		</TextColor>
		<TopAnchorOffset>12</TopAnchorOffset>
		<BottomAnchorOffset>23</BottomAnchorOffset>
		<LeftAnchorOffset>-10</LeftAnchorOffset>
	</Label>

	<Label item="TOTW_TargetHPPercLabel">
		<ScreenID>TOTW_TargetHPPercLabel</ScreenID>
		<RelativePosition>true</RelativePosition>
		<AutoStretch>true</AutoStretch>
		<NoWrap>true</NoWrap>
		<AlignCenter>true</AlignCenter>
		<RightAnchorToLeft>false</RightAnchorToLeft>
		<Font>2</Font>
		<TextColor>
			<R>240</R>
			<G>240</G>
			<B>240</B>
		</TextColor>
		<Text>%</Text>
		<TopAnchorOffset>12</TopAnchorOffset>
		<BottomAnchorOffset>23</BottomAnchorOffset>
		<LeftAnchorOffset>17</LeftAnchorOffset>
	</Label>

	<Label item="TOTW_AggroPctPlayerLabel">
		<ScreenID>TOTW_AggroPctPlayerLabel</ScreenID>
		<RelativePosition>true</RelativePosition>
		<AutoStretch>true</AutoStretch>
		<NoWrap>true</NoWrap>
		<AlignLeft>true</AlignLeft>
		<RightAnchorToLeft>false</RightAnchorToLeft>
		<Font>2</Font>
		<TextColor>
			<R>240</R>
			<G>240</G>
			<B>240</B>
		</TextColor>
		<Text></Text>
		<EQType>306</EQType>
		<TopAnchorOffset>50</TopAnchorOffset>
		<BottomAnchorOffset>63</BottomAnchorOffset>
		<LeftAnchorOffset>2</LeftAnchorOffset>
	</Label>

	<Label item="TOTW_AggroNameSecondaryLabel">
		<ScreenID>TOTW_AggroNameSecondaryLabel</ScreenID>
		<RelativePosition>true</RelativePosition>
		<AutoStretch>true</AutoStretch>
		<NoWrap>true</NoWrap>
		<AlignCenter>true</AlignCenter>
		<RightAnchorToLeft>false</RightAnchorToLeft>
		<Font>2</Font>
		<TextColor>
			<R>240</R>
			<G>240</G>
			<B>240</B>
		</TextColor>
		<Text></Text>
		<EQType>304</EQType>
		<TopAnchorOffset>50</TopAnchorOffset>
		<BottomAnchorOffset>63</BottomAnchorOffset>
	</Label>

	<Label item="TOTW_AggroPctSecondaryLabel">
		<ScreenID>TOTW_AggroPctSecondaryLabel</ScreenID>
		<RelativePosition>true</RelativePosition>
		<AutoStretch>true</AutoStretch>
		<NoWrap>true</NoWrap>
		<AlignRight>true</AlignRight>
		<RightAnchorToLeft>false</RightAnchorToLeft>
		<Font>2</Font>
		<TextColor>
			<R>240</R>
			<G>240</G>
			<B>240</B>
		</TextColor>
		<Text></Text>
		<EQType>308</EQType>
		<TopAnchorOffset>50</TopAnchorOffset>
		<BottomAnchorOffset>63</BottomAnchorOffset>
		<LeftAnchorOffset>35</LeftAnchorOffset>
		<RightAnchorOffset>2</RightAnchorOffset>
	</Label>
<!--ADDBLOCK: END-->

	<Gauge item="TargetOfTarget_HP">
		<ScreenID>TargetOfTarget_HP</ScreenID>
<!--MODIFY-->	<Font>2</Font>
<!--ADD-->	<AutoStretch>true</AutoStretch>
		<TextColor>
			<R>240</R>
			<G>240</G>
			<B>240</B>
		</TextColor>
		<RelativePosition>true</RelativePosition>
		<Location>
			<X>3</X>
			<Y>0</Y>
		</Location>
		<Size>
			<CX>108</CX>
			<CY>27</CY>
		</Size>
<!--MODIFY-->	<GaugeOffsetY>10</GaugeOffsetY>
<!--MODIFY-->	<TextOffsetX>0</TextOffsetX>
<!--ADD-->	<TextOffsetY>-3</TextOffsetY>
<!--ADD-->	<RightAnchorToLeft>false</RightAnchorToLeft>
<!--ADD-->	<LeftAnchorOffset>26</LeftAnchorOffset>
<!--ADD-->	<RightAnchorOffset>2</RightAnchorOffset>
<!--ADD-->	<TopAnchorOffset>30</TopAnchorOffset>
<!--ADD-->	<BottomAnchorOffset>51</BottomAnchorOffset>
		<Style_VScroll>false</Style_VScroll>
		<Style_HScroll>false</Style_HScroll>
		<Style_Transparent>false</Style_Transparent>
		<TooltipReference />
		<FillTint>
			<R>240</R>
			<G>0</G>
			<B>0</B>
		</FillTint>
		<LinesFillTint>
			<R>220</R>
			<G>220</G>
			<B>0</B>
		</LinesFillTint>
		<DrawLinesFill>false</DrawLinesFill>
		<EQType>27</EQType>
		<GaugeDrawTemplate>
			<Background>A_GaugeBackground</Background>
			<Fill>A_GaugeFill</Fill>
			<Lines>A_GaugeLines</Lines>
			<LinesFill>A_GaugeLinesFill</LinesFill>
			<EndCapLeft>A_GaugeEndCapLeft</EndCapLeft>
			<EndCapRight>A_GaugeEndCapRight</EndCapRight>
		</GaugeDrawTemplate>
	</Gauge>
	<Label item="TargetOfTarget_HPLabel">
		<ScreenID>TargetOfTarget_HPLabel</ScreenID>
		<EQType>120</EQType>
<!--ADD-->	<AutoStretch>true</AutoStretch>
<!--ADD-->	<Font>1</Font>
		<RelativePosition>true</RelativePosition>
		<Location>
			<X>1</X>
			<Y>13</Y>
		</Location>
		<Size>
			<CX>60</CX>
			<CY>12</CY>
		</Size>
		<Text />
		<NoWrap>true</NoWrap>
<!--MODIFY-->	<AlignCenter>true</AlignCenter>
<!--ADD-->	<RightAnchorToLeft>false</RightAnchorToLeft>
<!--ADD-->	<TopAnchorOffset>39</TopAnchorOffset>
<!--ADD-->	<BottomAnchorOffset>49</BottomAnchorOffset>
<!--ADD-->	<LeftAnchorOffset>16</LeftAnchorOffset>
		<AlignRight>true</AlignRight>
		<Style_Tooltip>false</Style_Tooltip>
	</Label>
	<Label item="TargetOfTarget_HPPercLabel">
		<ScreenID>TargetOfTarget_HPPercLabel</ScreenID>
<!--ADD-->	<AutoStretch>true</AutoStretch>
<!--ADD-->	<Font>1</Font>
		<RelativePosition>true</RelativePosition>
		<Location>
			<X>62</X>
			<Y>13</Y>
		</Location>
		<Size>
			<CX>16</CX>
			<CY>12</CY>
		</Size>
		<Text>%</Text>
		<NoWrap>true</NoWrap>
<!--MODIFY-->	<AlignCenter>true</AlignCenter>
<!--ADD-->	<RightAnchorToLeft>false</RightAnchorToLeft>
<!--ADD-->	<TopAnchorOffset>39</TopAnchorOffset>
<!--ADD-->	<BottomAnchorOffset>49</BottomAnchorOffset>
<!--ADD-->	<LeftAnchorOffset>38</LeftAnchorOffset>
		<AlignRight>false</AlignRight>
		<Style_Tooltip>false</Style_Tooltip>
	</Label>
	<Screen item="TargetOfTargetWindow">
		<ScreenID>TargetOfTargetWindow</ScreenID>
		<RelativePosition>false</RelativePosition>
		<Location>
			<X>516</X>
			<Y>242</Y>
		</Location>
		<Size>
			<CX>124</CX>
			<CY>50</CY>
		</Size>
<!--ADD-->	<MinHSize>56</MinHSize>
<!--ADD-->	<MinVSize>30</MinVSize>
		<Text>Target's Target</Text>
		<Style_VScroll>false</Style_VScroll>
		<Style_HScroll>false</Style_HScroll>
		<Style_Transparent>false</Style_Transparent>
		<TooltipReference>Your Current Target's Target</TooltipReference>
<!--MODIFY-->	<DrawTemplate>WDT_InnerGray</DrawTemplate>
<!--MODIFY-->	<Style_Titlebar>false</Style_Titlebar>
		<Style_Closebox>true</Style_Closebox>
		<Style_Minimizebox>false</Style_Minimizebox>
		<Style_Border>true</Style_Border>
<!--MODIFY-->	<Style_Sizable>true</Style_Sizable>
<!--ADD-->	<Style_ClientMovable>true</Style_ClientMovable>
<!--ADD-->	<Pieces>TOTW_TargetHP</Pieces>
<!--ADD-->	<Pieces>TOTW_TargetHPLabel</Pieces>
<!--ADD-->	<Pieces>TOTW_TargetHPPercLabel</Pieces>
<!--ADD-->	<Pieces>TOTW_AggroPctPlayerLabel</Pieces>
<!--ADD-->	<Pieces>TOTW_AggroNameSecondaryLabel</Pieces>
<!--ADD-->	<Pieces>TOTW_AggroPctSecondaryLabel</Pieces>
		<Escapable>false</Escapable>
		<Pieces>TargetOfTarget_HP</Pieces>
		<Pieces>TargetOfTarget_HPLabel</Pieces>
		<Pieces>TargetOfTarget_HPPercLabel</Pieces>
	</Screen>
</XML>
